15:13:59 INFO    [IDLE] avoid_ready ， attempts=3 cycle_ms=6045 phases=['settle', 'reverse_turn', 'verify']
15:14:00 INFO    [IDLE] execution_provider ， selected=DmlExecutionProvider order=['DmlExecutionProvider', 'CPUExecutionProvider'] preferred=['DmlExecutionProvider', 'CPUExecutionProvider'] available=['DmlExecutionProvider', 'CPUExecutionProvider']
15:14:00 INFO    [IDLE] detector_warmed_up ， ms=10.0
15:14:00 INFO    [IDLE] vision_detector_opened ， ms=693
15:14:00 INFO    [IDLE] vision_worker_started ， period_ms=40
15:14:00 INFO    [IDLE] runtime_started ， listen_port=5102 peer=127.0.0.1:5001 period_ms=100 actions={'PATROL': '去系', 'ZONE_INSPECT': '去系', 'TRACK': '去系', 'AVOID': '去系'}
15:14:00 INFO    [IDLE] robot_state ， reported=FAILSAFE latched=False
15:14:00 INFO    [IDLE] escalation ， from=L0 to=F reason=ONBOARD_FAILSAFE led=white
15:14:00 ERROR   [FAILSAFE] fsm_transition ， from=IDLE to=FAILSAFE trigger=ONBOARD_FAILSAFE
15:14:00 INFO    [FAILSAFE] profile_applied ， profile=VGA fps_limit=25
15:14:00 WARNING [FAILSAFE] orientation_apply_failed ， url=http://127.0.0.1:8080/orient?rot=0 error=HTTP Error 404: Not Found effect=左舛 蒸戚 域紗廃陥
15:14:00 INFO    [FAILSAFE] stream_connected ， url=http://127.0.0.1:8080/stream boundary=frame
15:14:00 INFO    [FAILSAFE] track_opened ， score=0.705
15:14:00 INFO    [FAILSAFE] person_present ， hits=3 required=3 window_ms=300 score=0.737
15:14:00 INFO    [FAILSAFE] person_gate ， present=True hits=4 score=0.676
15:14:00 INFO    [FAILSAFE] blackbox_recorded ， event_type=person_found ts_ms=1789452840895 meta_path=C:\dev\mechadog-camdock\blackbox\1789452840895_person_found\meta.json
15:14:01 INFO    [FAILSAFE] frame_queue_summary ， frames_received=25 frames_processed=24 frames_dropped=0 drop_rate=0.0 queue_depth=1 queue_depth_max=1
15:14:01 INFO    [FAILSAFE] telemetry_summary ， accepted=20 batt_v_avg=8.0 last_cmd_age_ms_avg=1277.8 sent=12 detections=11
15:14:02 INFO    [FAILSAFE] frame_queue_summary ， frames_received=24 frames_processed=25 frames_dropped=0 drop_rate=0.0 queue_depth=0 queue_depth_max=1
15:14:02 INFO    [FAILSAFE] telemetry_summary ， accepted=10 batt_v_avg=8.0 last_cmd_age_ms_avg=42.2 detections=16 sent=10
15:14:03 INFO    [FAILSAFE] frame_queue_summary ， frames_received=25 frames_processed=25 frames_dropped=0 drop_rate=0.0 queue_depth=0 queue_depth_max=1 latest_age_ms=15 latest_seq=74
15:14:03 INFO    [FAILSAFE] telemetry_summary ， accepted=9 batt_v_avg=8.0 last_cmd_age_ms_avg=56.78 detections=14 sent=10
15:14:04 INFO    [FAILSAFE] frame_queue_summary ， frames_received=25 frames_processed=24 frames_dropped=0 drop_rate=0.0 queue_depth=1 queue_depth_max=1
15:14:04 INFO    [FAILSAFE] telemetry_summary ， accepted=10 batt_v_avg=8.0 last_cmd_age_ms_avg=28.7 detections=16 sent=10
15:14:05 INFO    [FAILSAFE] frame_queue_summary ， frames_received=25 frames_processed=25 frames_dropped=0 drop_rate=0.0 queue_depth=1 queue_depth_max=1
15:14:05 INFO    [FAILSAFE] telemetry_summary ， accepted=9 batt_v_avg=8.0 last_cmd_age_ms_avg=57.67 detections=15 sent=10
15:14:06 INFO    [FAILSAFE] frame_queue_summary ， frames_received=25 frames_processed=25 frames_dropped=0 drop_rate=0.0 queue_depth=1 queue_depth_max=1
15:14:06 INFO    [FAILSAFE] telemetry_summary ， accepted=9 batt_v_avg=8.0 last_cmd_age_ms_avg=32.0 detections=14 sent=10
15:14:07 INFO    [FAILSAFE] frame_queue_summary ， frames_received=24 frames_processed=25 frames_dropped=0 drop_rate=0.0 queue_depth=0 queue_depth_max=1
15:14:07 INFO    [FAILSAFE] telemetry_summary ， accepted=10 batt_v_avg=8.0 last_cmd_age_ms_avg=13.5 detections=14 sent=10
15:14:08 INFO    [FAILSAFE] frame_queue_summary ， frames_received=25 frames_processed=25 frames_dropped=0 drop_rate=0.0 queue_depth=0 queue_depth_max=1 latest_age_ms=5 latest_seq=198
15:14:08 INFO    [FAILSAFE] telemetry_summary ， accepted=9 batt_v_avg=8.0 last_cmd_age_ms_avg=61.78 detections=16 sent=10
15:14:09 INFO    [FAILSAFE] frame_queue_summary ， frames_received=25 frames_processed=24 frames_dropped=0 drop_rate=0.0 queue_depth=1 queue_depth_max=1
15:14:09 INFO    [FAILSAFE] telemetry_summary ， accepted=10 batt_v_avg=8.0 last_cmd_age_ms_avg=32.8 detections=11 sent=10
15:14:10 INFO    [FAILSAFE] frame_queue_summary ， frames_received=25 frames_processed=25 frames_dropped=0 drop_rate=0.0 queue_depth=1 queue_depth_max=1
15:14:10 INFO    [FAILSAFE] telemetry_summary ， accepted=9 batt_v_avg=8.0 last_cmd_age_ms_avg=41.56 detections=14 sent=10
15:14:11 INFO    [FAILSAFE] frame_queue_summary ， frames_received=24 frames_processed=25 frames_dropped=0 drop_rate=0.0 queue_depth=0 queue_depth_max=1 latest_age_ms=13 latest_seq=272
15:14:11 INFO    [FAILSAFE] telemetry_summary ， accepted=9 batt_v_avg=8.0 last_cmd_age_ms_avg=52.22 detections=15 sent=10
15:14:12 INFO    [FAILSAFE] frame_queue_summary ， frames_received=25 frames_processed=24 frames_dropped=0 drop_rate=0.0 queue_depth=1 queue_depth_max=1
15:14:12 INFO    [FAILSAFE] telemetry_summary ， accepted=10 batt_v_avg=8.0 last_cmd_age_ms_avg=48.4 detections=20 sent=10
15:14:13 INFO    [FAILSAFE] frame_queue_summary ， frames_received=25 frames_processed=25 frames_dropped=0 drop_rate=0.0 queue_depth=1 queue_depth_max=1
15:14:13 INFO    [FAILSAFE] telemetry_summary ， accepted=9 batt_v_avg=8.0 last_cmd_age_ms_avg=40.22 detections=13 sent=10
15:14:14 INFO    [FAILSAFE] frame_queue_summary ， frames_received=24 frames_processed=25 frames_dropped=0 drop_rate=0.0 queue_depth=0 queue_depth_max=1
15:14:14 INFO    [FAILSAFE] telemetry_summary ， accepted=9 batt_v_avg=8.0 last_cmd_age_ms_avg=37.78 detections=11 sent=10
15:14:15 INFO    [FAILSAFE] frame_queue_summary ， frames_received=25 frames_processed=25 frames_dropped=0 drop_rate=0.0 queue_depth=0 queue_depth_max=1 latest_age_ms=14 latest_seq=371
15:14:15 INFO    [FAILSAFE] telemetry_summary ， accepted=10 batt_v_avg=8.0 last_cmd_age_ms_avg=66.7 detections=13 sent=10
15:14:16 INFO    [FAILSAFE] frame_queue_summary ， frames_received=25 frames_processed=24 frames_dropped=0 drop_rate=0.0 queue_depth=1 queue_depth_max=1
15:14:16 INFO    [FAILSAFE] telemetry_summary ， accepted=9 batt_v_avg=8.0 last_cmd_age_ms_avg=40.22 detections=13 sent=10
15:14:17 INFO    [FAILSAFE] frame_queue_summary ， frames_received=25 frames_processed=25 frames_dropped=0 drop_rate=0.0 queue_depth=1 queue_depth_max=1
15:14:17 INFO    [FAILSAFE] telemetry_summary ， accepted=9 batt_v_avg=8.0 last_cmd_age_ms_avg=66.56 detections=14 sent=10
15:14:18 INFO    [FAILSAFE] frame_queue_summary ， frames_received=24 frames_processed=25 frames_dropped=0 drop_rate=0.0 queue_depth=0 queue_depth_max=1
15:14:18 INFO    [FAILSAFE] telemetry_summary ， accepted=10 batt_v_avg=8.0 last_cmd_age_ms_avg=27.6 detections=15 sent=10
15:14:19 INFO    [FAILSAFE] frame_queue_summary ， frames_received=25 frames_processed=25 frames_dropped=0 drop_rate=0.0 queue_depth=0 queue_depth_max=1 latest_age_ms=9 latest_seq=470
15:14:19 INFO    [FAILSAFE] telemetry_summary ， accepted=9 batt_v_avg=8.0 last_cmd_age_ms_avg=51.44 detections=12 sent=10
15:14:20 INFO    [FAILSAFE] frame_queue_summary ， frames_received=25 frames_processed=24 frames_dropped=0 drop_rate=0.0 queue_depth=1 queue_depth_max=1
15:14:20 INFO    [FAILSAFE] telemetry_summary ， accepted=10 batt_v_avg=8.0 last_cmd_age_ms_avg=34.5 detections=18 sent=10
15:14:21 INFO    [FAILSAFE] frame_queue_summary ， frames_received=25 frames_processed=25 frames_dropped=0 drop_rate=0.0 queue_depth=1 queue_depth_max=1
15:14:21 INFO    [FAILSAFE] telemetry_summary ， accepted=9 batt_v_avg=8.0 last_cmd_age_ms_avg=65.78 detections=15 sent=10
15:14:22 INFO    [FAILSAFE] frame_queue_summary ， frames_received=24 frames_processed=25 frames_dropped=0 drop_rate=0.0 queue_depth=0 queue_depth_max=1 latest_age_ms=16 latest_seq=544
15:14:22 INFO    [FAILSAFE] telemetry_summary ， accepted=10 batt_v_avg=8.0 last_cmd_age_ms_avg=24.7 detections=12 sent=10
15:14:23 INFO    [FAILSAFE] frame_queue_summary ， frames_received=25 frames_processed=25 frames_dropped=0 drop_rate=0.0 queue_depth=0 queue_depth_max=1 latest_age_ms=5 latest_seq=569
15:14:23 INFO    [FAILSAFE] telemetry_summary ， accepted=9 batt_v_avg=8.0 last_cmd_age_ms_avg=50.0 detections=11 sent=10
15:14:24 INFO    [FAILSAFE] frame_queue_summary ， frames_received=25 frames_processed=24 frames_dropped=0 drop_rate=0.0 queue_depth=1 queue_depth_max=1
15:14:24 INFO    [FAILSAFE] telemetry_summary ， accepted=10 batt_v_avg=8.0 last_cmd_age_ms_avg=31.4 detections=16 sent=10
15:14:25 INFO    [FAILSAFE] frame_queue_summary ， frames_received=25 frames_processed=25 frames_dropped=0 drop_rate=0.0 queue_depth=1 queue_depth_max=1
15:14:25 INFO    [FAILSAFE] telemetry_summary ， accepted=10 batt_v_avg=8.0 last_cmd_age_ms_avg=67.8 detections=13 sent=10
15:14:26 INFO    [FAILSAFE] frame_queue_summary ， frames_received=25 frames_processed=25 frames_dropped=0 drop_rate=0.0 queue_depth=1 queue_depth_max=1
15:14:26 INFO    [FAILSAFE] telemetry_summary ， detections=16 sent=10 accepted=9 batt_v_avg=8.0 last_cmd_age_ms_avg=24.89
15:14:27 INFO    [FAILSAFE] frame_queue_summary ， frames_received=24 frames_processed=25 frames_dropped=0 drop_rate=0.0 queue_depth=0 queue_depth_max=1
15:14:27 INFO    [FAILSAFE] telemetry_summary ， accepted=9 batt_v_avg=8.0 last_cmd_age_ms_avg=62.11 detections=14 sent=10
15:14:28 INFO    [FAILSAFE] frame_queue_summary ， frames_received=25 frames_processed=25 frames_dropped=0 drop_rate=0.0 queue_depth=0 queue_depth_max=1 latest_age_ms=11 latest_seq=693
15:14:28 INFO    [FAILSAFE] telemetry_summary ， accepted=10 batt_v_avg=8.0 last_cmd_age_ms_avg=17.5 detections=11 sent=10
15:14:29 INFO    [FAILSAFE] frame_queue_summary ， frames_received=25 frames_processed=24 frames_dropped=0 drop_rate=0.0 queue_depth=1 queue_depth_max=1
15:14:29 INFO    [FAILSAFE] telemetry_summary ， accepted=10 batt_v_avg=8.0 last_cmd_age_ms_avg=56.0 detections=17 sent=10
15:14:30 INFO    [FAILSAFE] frame_queue_summary ， frames_received=25 frames_processed=25 frames_dropped=0 drop_rate=0.0 queue_depth=1 queue_depth_max=1
15:14:30 INFO    [FAILSAFE] telemetry_summary ， accepted=9 batt_v_avg=8.0 last_cmd_age_ms_avg=32.44 detections=14 sent=10
15:14:31 INFO    [FAILSAFE] frame_queue_summary ， frames_received=24 frames_processed=25 frames_dropped=0 drop_rate=0.0 queue_depth=0 queue_depth_max=1 latest_age_ms=15 latest_seq=767
15:14:31 INFO    [FAILSAFE] telemetry_summary ， accepted=9 batt_v_avg=8.0 last_cmd_age_ms_avg=29.33 detections=17 sent=10
15:14:32 INFO    [FAILSAFE] frame_queue_summary ， frames_received=25 frames_processed=25 frames_dropped=0 drop_rate=0.0 queue_depth=0 queue_depth_max=1 latest_age_ms=3 latest_seq=792
15:14:32 INFO    [FAILSAFE] telemetry_summary ， accepted=9 batt_v_avg=8.0 last_cmd_age_ms_avg=59.22 detections=15 sent=10
15:14:33 INFO    [FAILSAFE] frame_queue_summary ， frames_received=25 frames_processed=24 frames_dropped=0 drop_rate=0.0 queue_depth=1 queue_depth_max=1
15:14:33 INFO    [FAILSAFE] telemetry_summary ， accepted=10 batt_v_avg=8.0 last_cmd_age_ms_avg=17.5 detections=15 sent=10
15:14:34 INFO    [FAILSAFE] frame_queue_summary ， frames_received=25 frames_processed=25 frames_dropped=0 drop_rate=0.0 queue_depth=1 queue_depth_max=1
15:14:34 INFO    [FAILSAFE] telemetry_summary ， accepted=10 batt_v_avg=8.0 last_cmd_age_ms_avg=55.9 detections=17 sent=10
15:14:35 INFO    [FAILSAFE] frame_queue_summary ， frames_received=24 frames_processed=25 frames_dropped=0 drop_rate=0.0 queue_depth=0 queue_depth_max=1 latest_age_ms=15 latest_seq=866
15:14:35 INFO    [FAILSAFE] telemetry_summary ， accepted=9 batt_v_avg=8.0 last_cmd_age_ms_avg=43.78 detections=10 sent=10
15:14:36 INFO    [FAILSAFE] frame_queue_summary ， frames_received=25 frames_processed=25 frames_dropped=0 drop_rate=0.0 queue_depth=0 queue_depth_max=1 latest_age_ms=4 latest_seq=891
15:14:36 INFO    [FAILSAFE] telemetry_summary ， accepted=10 batt_v_avg=8.0 last_cmd_age_ms_avg=47.8 detections=17 sent=10
15:14:37 INFO    [FAILSAFE] frame_queue_summary ， frames_received=25 frames_processed=24 frames_dropped=0 drop_rate=0.0 queue_depth=1 queue_depth_max=1
15:14:37 INFO    [FAILSAFE] telemetry_summary ， accepted=9 batt_v_avg=8.0 last_cmd_age_ms_avg=22.78 detections=11 sent=10
15:14:38 INFO    [FAILSAFE] frame_queue_summary ， frames_received=25 frames_processed=25 frames_dropped=0 drop_rate=0.0 queue_depth=1 queue_depth_max=1
15:14:38 INFO    [FAILSAFE] telemetry_summary ， accepted=10 batt_v_avg=8.0 last_cmd_age_ms_avg=50.2 detections=18 sent=10
15:14:39 INFO    [FAILSAFE] frame_queue_summary ， frames_received=24 frames_processed=25 frames_dropped=0 drop_rate=0.0 queue_depth=0 queue_depth_max=1 latest_age_ms=3 latest_seq=965
15:14:39 INFO    [FAILSAFE] telemetry_summary ， accepted=9 batt_v_avg=8.0 last_cmd_age_ms_avg=29.33 detections=14 sent=10
15:14:40 INFO    [FAILSAFE] frame_queue_summary ， frames_received=24 frames_processed=24 frames_dropped=0 drop_rate=0.0 queue_depth=0 queue_depth_max=1
15:14:40 INFO    [FAILSAFE] telemetry_summary ， accepted=9 batt_v_avg=8.0 last_cmd_age_ms_avg=59.33 detections=13 sent=10
15:14:41 INFO    [FAILSAFE] frame_queue_summary ， frames_received=26 frames_processed=25 frames_dropped=0 drop_rate=0.0 queue_depth=1 queue_depth_max=1
15:14:41 INFO    [FAILSAFE] telemetry_summary ， accepted=10 batt_v_avg=8.0 last_cmd_age_ms_avg=35.3 detections=12 sent=10
15:14:42 INFO    [FAILSAFE] frame_queue_summary ， frames_received=24 frames_processed=25 frames_dropped=0 drop_rate=0.0 queue_depth=0 queue_depth_max=1
15:14:42 INFO    [FAILSAFE] telemetry_summary ， accepted=9 batt_v_avg=8.0 last_cmd_age_ms_avg=45.44 detections=12 sent=10
15:14:43 INFO    [FAILSAFE] frame_queue_summary ， frames_received=25 frames_processed=24 frames_dropped=0 drop_rate=0.0 queue_depth=1 queue_depth_max=1
15:14:43 INFO    [FAILSAFE] telemetry_summary ， accepted=9 batt_v_avg=8.0 last_cmd_age_ms_avg=23.0 detections=16 sent=10
15:14:44 INFO    [FAILSAFE] frame_queue_summary ， frames_received=24 frames_processed=25 frames_dropped=0 drop_rate=0.0 queue_depth=0 queue_depth_max=1 latest_age_ms=27 latest_seq=1088
15:14:44 INFO    [FAILSAFE] telemetry_summary ， accepted=9 batt_v_avg=8.0 last_cmd_age_ms_avg=43.11 detections=15 sent=10
15:14:45 INFO    [FAILSAFE] frame_queue_summary ， frames_received=25 frames_processed=25 frames_dropped=0 drop_rate=0.0 queue_depth=0 queue_depth_max=1 latest_age_ms=12 latest_seq=1113
15:14:45 INFO    [FAILSAFE] telemetry_summary ， accepted=10 batt_v_avg=8.0 last_cmd_age_ms_avg=52.9 detections=20 sent=10
15:14:46 INFO    [FAILSAFE] frame_queue_summary ， frames_received=25 frames_processed=25 frames_dropped=0 drop_rate=0.0 queue_depth=0 queue_depth_max=1 latest_age_ms=14 latest_seq=1138
15:14:46 INFO    [FAILSAFE] telemetry_summary ， accepted=9 batt_v_avg=8.0 last_cmd_age_ms_avg=58.0 detections=14 sent=10
15:14:47 INFO    [FAILSAFE] frame_queue_summary ， frames_received=25 frames_processed=24 frames_dropped=0 drop_rate=0.0 queue_depth=1 queue_depth_max=1
15:14:47 INFO    [FAILSAFE] telemetry_summary ， accepted=10 batt_v_avg=8.0 last_cmd_age_ms_avg=41.6 detections=18 sent=10
15:14:48 INFO    [FAILSAFE] frame_queue_summary ， frames_received=25 frames_processed=25 frames_dropped=0 drop_rate=0.0 queue_depth=1 queue_depth_max=1
15:14:48 INFO    [FAILSAFE] telemetry_summary ， accepted=10 batt_v_avg=8.0 last_cmd_age_ms_avg=78.4 detections=8 sent=10
15:14:49 INFO    [FAILSAFE] frame_queue_summary ， frames_received=25 frames_processed=25 frames_dropped=0 drop_rate=0.0 queue_depth=1 queue_depth_max=1
15:14:49 INFO    [FAILSAFE] telemetry_summary ， detections=13 sent=10 accepted=9 batt_v_avg=8.0 last_cmd_age_ms_avg=10.44
15:14:50 INFO    [FAILSAFE] frame_queue_summary ， frames_received=25 frames_processed=25 frames_dropped=0 drop_rate=0.0 queue_depth=1 queue_depth_max=1
15:14:50 INFO    [FAILSAFE] telemetry_summary ， accepted=10 batt_v_avg=8.0 last_cmd_age_ms_avg=41.9 detections=20 sent=10
15:14:51 INFO    [FAILSAFE] frame_queue_summary ， frames_received=23 frames_processed=24 frames_dropped=0 drop_rate=0.0 queue_depth=0 queue_depth_max=1
15:14:51 INFO    [FAILSAFE] telemetry_summary ， accepted=10 batt_v_avg=8.0 last_cmd_age_ms_avg=67.1 detections=14 sent=10
15:14:52 INFO    [FAILSAFE] frame_queue_summary ， frames_received=25 frames_processed=25 frames_dropped=0 drop_rate=0.0 queue_depth=0 queue_depth_max=1
15:14:52 INFO    [FAILSAFE] telemetry_summary ， detections=16 sent=10 accepted=9 batt_v_avg=8.0 last_cmd_age_ms_avg=33.78
15:14:53 INFO    [FAILSAFE] frame_queue_summary ， frames_received=25 frames_processed=25 frames_dropped=0 drop_rate=0.0 queue_depth=0 queue_depth_max=1 latest_age_ms=16 latest_seq=1311
15:14:53 INFO    [FAILSAFE] telemetry_summary ， accepted=9 batt_v_avg=8.0 last_cmd_age_ms_avg=61.22 detections=15 sent=10
15:14:54 INFO    [FAILSAFE] frame_queue_summary ， frames_received=25 frames_processed=25 frames_dropped=0 drop_rate=0.0 queue_depth=0 queue_depth_max=1 latest_age_ms=14 latest_seq=1336
15:14:54 INFO    [FAILSAFE] telemetry_summary ， accepted=10 batt_v_avg=8.0 last_cmd_age_ms_avg=38.7 detections=19 sent=10
15:14:55 INFO    [FAILSAFE] frame_queue_summary ， frames_received=25 frames_processed=24 frames_dropped=0 drop_rate=0.0 queue_depth=1 queue_depth_max=1
15:14:55 INFO    [FAILSAFE] telemetry_summary ， accepted=9 batt_v_avg=8.0 last_cmd_age_ms_avg=42.11 detections=14 sent=10
15:14:56 INFO    [FAILSAFE] frame_queue_summary ， frames_received=24 frames_processed=25 frames_dropped=0 drop_rate=0.0 queue_depth=0 queue_depth_max=1
15:14:56 INFO    [FAILSAFE] telemetry_summary ， accepted=9 batt_v_avg=8.0 last_cmd_age_ms_avg=55.44 detections=13 sent=10
15:14:57 INFO    [FAILSAFE] frame_queue_summary ， frames_received=26 frames_processed=25 frames_dropped=0 drop_rate=0.0 queue_depth=1 queue_depth_max=1
15:14:57 INFO    [FAILSAFE] telemetry_summary ， accepted=9 batt_v_avg=8.0 last_cmd_age_ms_avg=44.11 detections=11 sent=10
15:14:58 INFO    [FAILSAFE] frame_queue_summary ， frames_received=24 frames_processed=24 frames_dropped=0 drop_rate=0.0 queue_depth=1 queue_depth_max=1
15:14:58 INFO    [FAILSAFE] telemetry_summary ， accepted=10 batt_v_avg=8.0 last_cmd_age_ms_avg=33.7 detections=18 sent=10
15:14:59 INFO    [FAILSAFE] frame_queue_summary ， frames_received=24 frames_processed=25 frames_dropped=0 drop_rate=0.0 queue_depth=0 queue_depth_max=1
15:14:59 INFO    [FAILSAFE] telemetry_summary ， accepted=9 batt_v_avg=8.0 last_cmd_age_ms_avg=73.44 detections=14 sent=10
15:15:00 INFO    [FAILSAFE] frame_queue_summary ， frames_received=25 frames_processed=25 frames_dropped=0 drop_rate=0.0 queue_depth=0 queue_depth_max=1 latest_age_ms=13 latest_seq=1484
15:15:00 INFO    [FAILSAFE] telemetry_summary ， accepted=10 batt_v_avg=8.0 last_cmd_age_ms_avg=29.8 detections=14 sent=10
15:15:01 INFO    [FAILSAFE] frame_queue_summary ， frames_received=25 frames_processed=25 frames_dropped=0 drop_rate=0.0 queue_depth=0 queue_depth_max=1 latest_age_ms=10 latest_seq=1509
15:15:01 INFO    [FAILSAFE] telemetry_summary ， accepted=9 batt_v_avg=8.0 last_cmd_age_ms_avg=36.0 detections=15 sent=10
15:15:02 INFO    [FAILSAFE] frame_queue_summary ， frames_received=24 frames_processed=24 frames_dropped=0 drop_rate=0.0 queue_depth=0 queue_depth_max=1
15:15:02 INFO    [FAILSAFE] telemetry_summary ， accepted=10 batt_v_avg=8.0 last_cmd_age_ms_avg=55.2 detections=16 sent=10
15:15:03 INFO    [FAILSAFE] frame_queue_summary ， frames_received=25 frames_processed=25 frames_dropped=0 drop_rate=0.0 queue_depth=0 queue_depth_max=1
15:15:03 INFO    [FAILSAFE] telemetry_summary ， accepted=9 batt_v_avg=8.0 last_cmd_age_ms_avg=37.78 detections=12 sent=10
15:15:04 INFO    [FAILSAFE] frame_queue_summary ， frames_received=25 frames_processed=25 frames_dropped=0 drop_rate=0.0 queue_depth=0 queue_depth_max=1 latest_age_ms=13 latest_seq=1583
15:15:04 INFO    [FAILSAFE] telemetry_summary ， accepted=9 batt_v_avg=8.0 last_cmd_age_ms_avg=70.11 detections=13 sent=10
15:15:05 INFO    [FAILSAFE] frame_queue_summary ， frames_received=25 frames_processed=24 frames_dropped=0 drop_rate=0.0 queue_depth=1 queue_depth_max=1
15:15:05 INFO    [FAILSAFE] telemetry_summary ， accepted=10 batt_v_avg=8.0 last_cmd_age_ms_avg=33.4 detections=15 sent=10
15:15:06 INFO    [FAILSAFE] frame_queue_summary ， frames_received=24 frames_processed=25 frames_dropped=0 drop_rate=0.0 queue_depth=0 queue_depth_max=1
15:15:06 INFO    [FAILSAFE] telemetry_summary ， accepted=9 batt_v_avg=8.0 last_cmd_age_ms_avg=37.56 detections=12 sent=10
15:15:07 INFO    [FAILSAFE] frame_queue_summary ， frames_received=25 frames_processed=25 frames_dropped=0 drop_rate=0.0 queue_depth=0 queue_depth_max=1
15:15:07 INFO    [FAILSAFE] telemetry_summary ， accepted=10 batt_v_avg=8.0 last_cmd_age_ms_avg=57.6 detections=17 sent=10
15:15:08 INFO    [FAILSAFE] frame_queue_summary ， frames_received=25 frames_processed=25 frames_dropped=0 drop_rate=0.0 queue_depth=0 queue_depth_max=1 latest_age_ms=21 latest_seq=1682
15:15:08 INFO    [FAILSAFE] telemetry_summary ， accepted=9 batt_v_avg=8.0 last_cmd_age_ms_avg=55.0 detections=14 sent=10
15:15:09 INFO    [FAILSAFE] frame_queue_summary ， frames_received=25 frames_processed=24 frames_dropped=0 drop_rate=0.0 queue_depth=1 queue_depth_max=1
15:15:09 INFO    [FAILSAFE] telemetry_summary ， accepted=10 batt_v_avg=8.0 last_cmd_age_ms_avg=58.9 detections=19 sent=10
15:15:10 INFO    [FAILSAFE] frame_queue_summary ， frames_received=24 frames_processed=25 frames_dropped=0 drop_rate=0.0 queue_depth=0 queue_depth_max=1
15:15:10 INFO    [FAILSAFE] telemetry_summary ， accepted=9 batt_v_avg=8.0 last_cmd_age_ms_avg=30.56 detections=14 sent=10
15:15:11 INFO    [FAILSAFE] frame_queue_summary ， frames_received=25 frames_processed=25 frames_dropped=0 drop_rate=0.0 queue_depth=0 queue_depth_max=1
15:15:11 INFO    [FAILSAFE] telemetry_summary ， accepted=9 batt_v_avg=8.0 last_cmd_age_ms_avg=57.11 detections=15 sent=10
15:15:12 INFO    [FAILSAFE] frame_queue_summary ， frames_received=25 frames_processed=25 frames_dropped=0 drop_rate=0.0 queue_depth=0 queue_depth_max=1 latest_age_ms=22 latest_seq=1781
15:15:12 INFO    [FAILSAFE] telemetry_summary ， accepted=10 batt_v_avg=8.0 last_cmd_age_ms_avg=44.4 detections=16 sent=10
15:15:13 INFO    [FAILSAFE] frame_queue_summary ， frames_received=25 frames_processed=24 frames_dropped=0 drop_rate=0.0 queue_depth=1 queue_depth_max=1
15:15:13 INFO    [FAILSAFE] telemetry_summary ， accepted=9 batt_v_avg=8.0 last_cmd_age_ms_avg=36.44 detections=13 sent=10
15:15:14 INFO    [FAILSAFE] frame_queue_summary ， frames_received=25 frames_processed=25 frames_dropped=0 drop_rate=0.0 queue_depth=1 queue_depth_max=1
15:15:14 INFO    [FAILSAFE] telemetry_summary ， accepted=9 batt_v_avg=8.0 last_cmd_age_ms_avg=61.89 detections=11 sent=10
15:15:15 INFO    [FAILSAFE] frame_queue_summary ， frames_received=24 frames_processed=25 frames_dropped=0 drop_rate=0.0 queue_depth=0 queue_depth_max=1
15:15:15 INFO    [FAILSAFE] telemetry_summary ， accepted=10 batt_v_avg=8.0 last_cmd_age_ms_avg=33.4 detections=6 sent=10
15:15:16 INFO    [FAILSAFE] frame_queue_summary ， frames_received=25 frames_processed=25 frames_dropped=0 drop_rate=0.0 queue_depth=0 queue_depth_max=1 latest_age_ms=19 latest_seq=1880
15:15:16 INFO    [FAILSAFE] telemetry_summary ， accepted=9 batt_v_avg=8.0 last_cmd_age_ms_avg=56.0 detections=5 sent=10
15:15:17 INFO    [FAILSAFE] person_cleared ， hits=0 required=3 window_ms=300 score=0.0
15:15:17 INFO    [FAILSAFE] person_gate ， present=False hits=0 score=0.0
15:15:17 INFO    [FAILSAFE] frame_queue_summary ， frames_received=25 frames_processed=24 frames_dropped=0 drop_rate=0.0 queue_depth=1 queue_depth_max=1
15:15:17 INFO    [FAILSAFE] telemetry_summary ， accepted=10 batt_v_avg=8.0 last_cmd_age_ms_avg=19.2 detections=4 sent=10
15:15:18 INFO    [FAILSAFE] person_present ， hits=3 required=3 window_ms=300 score=0.506
15:15:18 INFO    [FAILSAFE] person_gate ， present=True hits=2 score=0.0
15:15:18 INFO    [FAILSAFE] blackbox_recorded ， event_type=person_found ts_ms=1789452918405 meta_path=C:\dev\mechadog-camdock\blackbox\1789452918405_person_found\meta.json
15:15:18 INFO    [FAILSAFE] frame_queue_summary ， frames_received=25 frames_processed=25 frames_dropped=0 drop_rate=0.0 queue_depth=1 queue_depth_max=1
15:15:18 INFO    [FAILSAFE] telemetry_summary ， accepted=9 batt_v_avg=8.0 last_cmd_age_ms_avg=41.56 detections=4 sent=10
15:15:19 INFO    [FAILSAFE] person_cleared ， hits=0 required=3 window_ms=300 score=0.0
15:15:19 INFO    [FAILSAFE] person_gate ， present=False hits=1 score=0.508
15:15:19 INFO    [FAILSAFE] person_present ， hits=3 required=3 window_ms=300 score=0.621
15:15:19 INFO    [FAILSAFE] person_gate ， present=True hits=3 score=0.621
15:15:19 INFO    [FAILSAFE] blackbox_recorded ， event_type=person_found ts_ms=1789452919298 meta_path=C:\dev\mechadog-camdock\blackbox\1789452919298_person_found\meta.json
15:15:19 INFO    [FAILSAFE] frame_queue_summary ， frames_received=24 frames_processed=25 frames_dropped=0 drop_rate=0.0 queue_depth=0 queue_depth_max=1
15:15:19 INFO    [FAILSAFE] telemetry_summary ， accepted=10 batt_v_avg=8.0 last_cmd_age_ms_avg=65.8 detections=7 sent=10
15:15:20 INFO    [FAILSAFE] frame_queue_summary ， frames_received=25 frames_processed=25 frames_dropped=0 drop_rate=0.0 queue_depth=0 queue_depth_max=1
15:15:20 INFO    [FAILSAFE] telemetry_summary ， detections=14 sent=10 accepted=9 batt_v_avg=8.0 last_cmd_age_ms_avg=22.44
15:15:21 INFO    [FAILSAFE] frame_queue_summary ， frames_received=25 frames_processed=24 frames_dropped=0 drop_rate=0.0 queue_depth=1 queue_depth_max=1
15:15:21 INFO    [FAILSAFE] telemetry_summary ， accepted=9 batt_v_avg=8.0 last_cmd_age_ms_avg=61.89 detections=15 sent=10
15:15:22 INFO    [FAILSAFE] frame_queue_summary ， frames_received=25 frames_processed=25 frames_dropped=0 drop_rate=0.0 queue_depth=1 queue_depth_max=1
15:15:22 INFO    [FAILSAFE] telemetry_summary ， accepted=10 batt_v_avg=8.0 last_cmd_age_ms_avg=21.1 detections=17 sent=10
15:15:23 INFO    [FAILSAFE] frame_queue_summary ， frames_received=24 frames_processed=25 frames_dropped=0 drop_rate=0.0 queue_depth=0 queue_depth_max=1
15:15:23 INFO    [FAILSAFE] telemetry_summary ， accepted=10 batt_v_avg=8.0 last_cmd_age_ms_avg=71.4 detections=14 sent=10
15:15:24 INFO    [FAILSAFE] frame_queue_summary ， frames_received=25 frames_processed=25 frames_dropped=0 drop_rate=0.0 queue_depth=0 queue_depth_max=1
15:15:24 INFO    [FAILSAFE] telemetry_summary ， detections=14 sent=10 accepted=9 batt_v_avg=8.0 last_cmd_age_ms_avg=19.89
15:15:25 INFO    [FAILSAFE] frame_queue_summary ， frames_received=25 frames_processed=25 frames_dropped=0 drop_rate=0.0 queue_depth=0 queue_depth_max=1 latest_age_ms=25 latest_seq=2103
15:15:25 INFO    [FAILSAFE] telemetry_summary ， accepted=9 batt_v_avg=8.0 last_cmd_age_ms_avg=16.78 detections=14 sent=10
15:15:26 INFO    [FAILSAFE] frame_queue_summary ， frames_received=25 frames_processed=24 frames_dropped=0 drop_rate=0.0 queue_depth=1 queue_depth_max=1
15:15:26 INFO    [FAILSAFE] telemetry_summary ， accepted=9 batt_v_avg=8.0 last_cmd_age_ms_avg=58.56 detections=15 sent=10
15:15:27 INFO    [FAILSAFE] frame_queue_summary ， frames_received=25 frames_processed=25 frames_dropped=0 drop_rate=0.0 queue_depth=1 queue_depth_max=1
15:15:27 INFO    [FAILSAFE] telemetry_summary ， accepted=10 batt_v_avg=8.0 last_cmd_age_ms_avg=35.9 detections=16 sent=10
15:15:28 INFO    [FAILSAFE] frame_queue_summary ， frames_received=24 frames_processed=25 frames_dropped=0 drop_rate=0.0 queue_depth=0 queue_depth_max=1
15:15:28 INFO    [FAILSAFE] telemetry_summary ， accepted=9 batt_v_avg=8.0 last_cmd_age_ms_avg=51.89 detections=15 sent=10
15:15:29 INFO    [FAILSAFE] frame_queue_summary ， frames_received=25 frames_processed=25 frames_dropped=0 drop_rate=0.0 queue_depth=0 queue_depth_max=1 latest_age_ms=24 latest_seq=2202
15:15:29 INFO    [FAILSAFE] telemetry_summary ， accepted=10 batt_v_avg=8.0 last_cmd_age_ms_avg=49.9 detections=17 sent=10
15:15:30 INFO    [FAILSAFE] frame_queue_summary ， frames_received=25 frames_processed=24 frames_dropped=0 drop_rate=0.0 queue_depth=1 queue_depth_max=1
15:15:30 INFO    [FAILSAFE] telemetry_summary ， accepted=9 batt_v_avg=8.0 last_cmd_age_ms_avg=27.89 detections=13 sent=10
15:15:31 INFO    [FAILSAFE] frame_queue_summary ， frames_received=24 frames_processed=25 frames_dropped=0 drop_rate=0.0 queue_depth=0 queue_depth_max=1
15:15:31 INFO    [FAILSAFE] telemetry_summary ， accepted=10 batt_v_avg=8.0 last_cmd_age_ms_avg=52.0 detections=16 sent=10
15:15:32 INFO    [FAILSAFE] frame_queue_summary ， frames_received=25 frames_processed=25 frames_dropped=0 drop_rate=0.0 queue_depth=0 queue_depth_max=1 latest_age_ms=15 latest_seq=2276
15:15:32 INFO    [FAILSAFE] telemetry_summary ， accepted=9 batt_v_avg=8.0 last_cmd_age_ms_avg=31.89 detections=11 sent=10
15:15:33 INFO    [FAILSAFE] frame_queue_summary ， frames_received=25 frames_processed=24 frames_dropped=0 drop_rate=0.0 queue_depth=1 queue_depth_max=1
15:15:33 INFO    [FAILSAFE] telemetry_summary ， accepted=9 batt_v_avg=8.0 last_cmd_age_ms_avg=36.44 detections=13 sent=10
15:15:34 INFO    [FAILSAFE] frame_queue_summary ， frames_received=25 frames_processed=25 frames_dropped=0 drop_rate=0.0 queue_depth=1 queue_depth_max=1
15:15:34 INFO    [FAILSAFE] telemetry_summary ， accepted=10 batt_v_avg=8.0 last_cmd_age_ms_avg=32.8 detections=18 sent=10
15:15:35 INFO    [FAILSAFE] frame_queue_summary ， frames_received=24 frames_processed=25 frames_dropped=0 drop_rate=0.0 queue_depth=0 queue_depth_max=1
15:15:35 INFO    [FAILSAFE] telemetry_summary ， accepted=9 batt_v_avg=8.0 last_cmd_age_ms_avg=55.22 detections=6 sent=10
15:15:36 INFO    [FAILSAFE] frame_queue_summary ， frames_received=25 frames_processed=25 frames_dropped=0 drop_rate=0.0 queue_depth=0 queue_depth_max=1 latest_age_ms=10 latest_seq=2375
15:15:36 INFO    [FAILSAFE] telemetry_summary ， accepted=10 batt_v_avg=8.0 last_cmd_age_ms_avg=44.4 detections=17 sent=10
15:15:37 INFO    [FAILSAFE] frame_queue_summary ， frames_received=25 frames_processed=25 frames_dropped=0 drop_rate=0.0 queue_depth=0 queue_depth_max=1 latest_age_ms=21 latest_seq=2400
15:15:37 INFO    [FAILSAFE] telemetry_summary ， accepted=9 batt_v_avg=8.0 last_cmd_age_ms_avg=52.67 detections=11 sent=10
15:15:38 INFO    [FAILSAFE] frame_queue_summary ， frames_received=25 frames_processed=24 frames_dropped=0 drop_rate=0.0 queue_depth=1 queue_depth_max=1
15:15:38 INFO    [FAILSAFE] telemetry_summary ， accepted=10 batt_v_avg=8.0 last_cmd_age_ms_avg=49.2 detections=18 sent=10
15:15:39 INFO    [FAILSAFE] frame_queue_summary ， frames_received=25 frames_processed=25 frames_dropped=0 drop_rate=0.0 queue_depth=1 queue_depth_max=1
15:15:39 INFO    [FAILSAFE] telemetry_summary ， accepted=9 batt_v_avg=8.0 last_cmd_age_ms_avg=38.44 detections=13 sent=10
15:15:40 INFO    [FAILSAFE] frame_queue_summary ， frames_received=24 frames_processed=25 frames_dropped=0 drop_rate=0.0 queue_depth=0 queue_depth_max=1
15:15:40 INFO    [FAILSAFE] telemetry_summary ， accepted=9 batt_v_avg=8.0 last_cmd_age_ms_avg=45.78 detections=12 sent=10
15:15:41 INFO    [FAILSAFE] frame_queue_summary ， frames_received=25 frames_processed=25 frames_dropped=0 drop_rate=0.0 queue_depth=0 queue_depth_max=1 latest_age_ms=7 latest_seq=2499
15:15:41 INFO    [FAILSAFE] telemetry_summary ， accepted=10 batt_v_avg=8.0 last_cmd_age_ms_avg=32.7 detections=15 sent=10
15:15:42 INFO    [FAILSAFE] frame_queue_summary ， frames_received=25 frames_processed=24 frames_dropped=0 drop_rate=0.0 queue_depth=1 queue_depth_max=1
15:15:42 INFO    [FAILSAFE] telemetry_summary ， accepted=9 batt_v_avg=8.0 last_cmd_age_ms_avg=54.44 detections=14 sent=10
15:15:43 INFO    [FAILSAFE] frame_queue_summary ， frames_received=25 frames_processed=25 frames_dropped=0 drop_rate=0.0 queue_depth=1 queue_depth_max=1
15:15:43 INFO    [FAILSAFE] telemetry_summary ， accepted=10 batt_v_avg=8.0 last_cmd_age_ms_avg=43.5 detections=18 sent=10
15:15:44 INFO    [FAILSAFE] frame_queue_summary ， frames_received=24 frames_processed=25 frames_dropped=0 drop_rate=0.0 queue_depth=0 queue_depth_max=1
15:15:44 INFO    [FAILSAFE] telemetry_summary ， accepted=9 batt_v_avg=8.0 last_cmd_age_ms_avg=44.33 detections=17 sent=10
15:15:45 INFO    [FAILSAFE] frame_queue_summary ， frames_received=25 frames_processed=24 frames_dropped=0 drop_rate=0.0 queue_depth=1 queue_depth_max=1
15:15:45 INFO    [FAILSAFE] telemetry_summary ， accepted=9 batt_v_avg=8.0 last_cmd_age_ms_avg=26.78 detections=11 sent=10
15:15:46 INFO    [FAILSAFE] frame_queue_summary ， frames_received=25 frames_processed=25 frames_dropped=0 drop_rate=0.0 queue_depth=1 queue_depth_max=1
15:15:46 INFO    [FAILSAFE] telemetry_summary ， accepted=10 batt_v_avg=8.0 last_cmd_age_ms_avg=45.6 detections=20 sent=10
15:15:47 INFO    [FAILSAFE] frame_queue_summary ， frames_received=25 frames_processed=25 frames_dropped=0 drop_rate=0.0 queue_depth=1 queue_depth_max=1
15:15:47 INFO    [FAILSAFE] telemetry_summary ， accepted=9 batt_v_avg=8.0 last_cmd_age_ms_avg=33.78 detections=10 sent=10
15:15:48 INFO    [FAILSAFE] frame_queue_summary ， frames_received=24 frames_processed=25 frames_dropped=0 drop_rate=0.0 queue_depth=0 queue_depth_max=1
15:15:48 INFO    [FAILSAFE] telemetry_summary ， accepted=10 batt_v_avg=8.0 last_cmd_age_ms_avg=40.3 detections=19 sent=10
15:15:49 INFO    [FAILSAFE] frame_queue_summary ， frames_received=25 frames_processed=25 frames_dropped=0 drop_rate=0.0 queue_depth=0 queue_depth_max=1 latest_age_ms=11 latest_seq=2697
15:15:49 INFO    [FAILSAFE] telemetry_summary ， accepted=9 batt_v_avg=8.0 last_cmd_age_ms_avg=36.78 detections=14 sent=10
15:15:50 INFO    [FAILSAFE] frame_queue_summary ， frames_received=25 frames_processed=24 frames_dropped=0 drop_rate=0.0 queue_depth=1 queue_depth_max=1
15:15:50 INFO    [FAILSAFE] telemetry_summary ， accepted=10 batt_v_avg=8.0 last_cmd_age_ms_avg=61.1 detections=16 sent=10
15:15:51 INFO    [FAILSAFE] frame_queue_summary ， frames_received=25 frames_processed=25 frames_dropped=0 drop_rate=0.0 queue_depth=1 queue_depth_max=1
15:15:51 INFO    [FAILSAFE] telemetry_summary ， accepted=9 batt_v_avg=8.0 last_cmd_age_ms_avg=35.78 detections=10 sent=10
15:15:52 INFO    [FAILSAFE] frame_queue_summary ， frames_received=24 frames_processed=25 frames_dropped=0 drop_rate=0.0 queue_depth=0 queue_depth_max=1
15:15:52 INFO    [FAILSAFE] telemetry_summary ， accepted=9 batt_v_avg=8.0 last_cmd_age_ms_avg=37.44 detections=15 sent=10
15:15:53 INFO    [FAILSAFE] frame_queue_summary ， frames_received=25 frames_processed=25 frames_dropped=0 drop_rate=0.0 queue_depth=0 queue_depth_max=1 latest_age_ms=14 latest_seq=2796
15:15:53 INFO    [FAILSAFE] telemetry_summary ， accepted=9 batt_v_avg=8.0 last_cmd_age_ms_avg=58.11 detections=18 sent=10
15:15:54 INFO    [FAILSAFE] frame_queue_summary ， frames_received=25 frames_processed=24 frames_dropped=0 drop_rate=0.0 queue_depth=1 queue_depth_max=1
15:15:54 INFO    [FAILSAFE] telemetry_summary ， accepted=10 batt_v_avg=8.0 last_cmd_age_ms_avg=33.3 detections=15 sent=10
15:15:55 INFO    [FAILSAFE] frame_queue_summary ， frames_received=25 frames_processed=25 frames_dropped=0 drop_rate=0.0 queue_depth=1 queue_depth_max=1
15:15:55 INFO    [FAILSAFE] telemetry_summary ， accepted=10 batt_v_avg=8.0 last_cmd_age_ms_avg=73.6 detections=16 sent=10
15:15:56 INFO    [FAILSAFE] frame_queue_summary ， frames_received=25 frames_processed=25 frames_dropped=0 drop_rate=0.0 queue_depth=1 queue_depth_max=1
15:15:56 INFO    [FAILSAFE] telemetry_summary ， detections=16 sent=10 accepted=9 batt_v_avg=8.0 last_cmd_age_ms_avg=15.44
15:15:57 INFO    [FAILSAFE] frame_queue_summary ， frames_received=24 frames_processed=25 frames_dropped=0 drop_rate=0.0 queue_depth=0 queue_depth_max=1 latest_age_ms=12 latest_seq=2895
15:15:57 INFO    [FAILSAFE] telemetry_summary ， accepted=9 batt_v_avg=8.0 last_cmd_age_ms_avg=55.44 detections=16 sent=10
15:15:58 INFO    [FAILSAFE] frame_queue_summary ， frames_received=25 frames_processed=24 frames_dropped=0 drop_rate=0.0 queue_depth=1 queue_depth_max=1
15:15:58 INFO    [FAILSAFE] telemetry_summary ， accepted=9 batt_v_avg=8.0 last_cmd_age_ms_avg=18.78 detections=12 sent=10
15:15:59 INFO    [FAILSAFE] frame_queue_summary ， frames_received=25 frames_processed=25 frames_dropped=0 drop_rate=0.0 queue_depth=1 queue_depth_max=1
15:15:59 INFO    [FAILSAFE] telemetry_summary ， accepted=10 batt_v_avg=8.0 last_cmd_age_ms_avg=36.2 detections=17 sent=10
15:16:00 INFO    [FAILSAFE] frame_queue_summary ， frames_received=24 frames_processed=25 frames_dropped=0 drop_rate=0.0 queue_depth=0 queue_depth_max=1 latest_age_ms=10 latest_seq=2969
15:16:00 INFO    [FAILSAFE] telemetry_summary ， accepted=9 batt_v_avg=8.0 last_cmd_age_ms_avg=73.33 detections=14 sent=10
15:16:01 INFO    [FAILSAFE] frame_queue_summary ， frames_received=25 frames_processed=24 frames_dropped=0 drop_rate=0.0 queue_depth=1 queue_depth_max=1
15:16:01 INFO    [FAILSAFE] telemetry_summary ， accepted=10 batt_v_avg=8.0 last_cmd_age_ms_avg=19.7 detections=15 sent=10
15:16:02 INFO    [FAILSAFE] frame_queue_summary ， frames_received=25 frames_processed=25 frames_dropped=0 drop_rate=0.0 queue_depth=1 queue_depth_max=1
15:16:02 INFO    [FAILSAFE] telemetry_summary ， accepted=9 batt_v_avg=8.0 last_cmd_age_ms_avg=48.0 detections=17 sent=10
15:16:03 INFO    [FAILSAFE] frame_queue_summary ， frames_received=25 frames_processed=25 frames_dropped=0 drop_rate=0.0 queue_depth=1 queue_depth_max=1
15:16:03 INFO    [FAILSAFE] telemetry_summary ， accepted=10 batt_v_avg=8.0 last_cmd_age_ms_avg=29.7 detections=15 sent=10
15:16:04 INFO    [FAILSAFE] frame_queue_summary ， frames_received=24 frames_processed=25 frames_dropped=0 drop_rate=0.0 queue_depth=0 queue_depth_max=1 latest_age_ms=9 latest_seq=3068
15:16:04 INFO    [FAILSAFE] telemetry_summary ， accepted=9 batt_v_avg=8.0 last_cmd_age_ms_avg=38.89 detections=17 sent=10
15:16:05 INFO    [FAILSAFE] frame_queue_summary ， frames_received=24 frames_processed=24 frames_dropped=0 drop_rate=0.0 queue_depth=0 queue_depth_max=1
15:16:05 INFO    [FAILSAFE] telemetry_summary ， accepted=9 batt_v_avg=8.0 last_cmd_age_ms_avg=54.0 detections=14 sent=10
15:16:06 INFO    [FAILSAFE] frame_queue_summary ， frames_received=26 frames_processed=24 frames_dropped=1 drop_rate=0.038 queue_depth=1 queue_depth_max=2
15:16:06 INFO    [FAILSAFE] telemetry_summary ， accepted=10 batt_v_avg=8.0 last_cmd_age_ms_avg=50.3 detections=17 sent=10
15:16:07 INFO    [FAILSAFE] frame_queue_summary ， frames_received=25 frames_processed=25 frames_dropped=0 drop_rate=0.0 queue_depth=1 queue_depth_max=1
15:16:07 INFO    [FAILSAFE] telemetry_summary ， detections=16 sent=10 accepted=9 batt_v_avg=8.0 last_cmd_age_ms_avg=25.78
15:16:08 INFO    [FAILSAFE] frame_queue_summary ， frames_received=24 frames_processed=25 frames_dropped=0 drop_rate=0.0 queue_depth=0 queue_depth_max=1 latest_age_ms=6 latest_seq=3167
15:16:08 INFO    [FAILSAFE] telemetry_summary ， accepted=9 batt_v_avg=8.0 last_cmd_age_ms_avg=31.33 detections=19 sent=10
15:16:09 INFO    [FAILSAFE] frame_queue_summary ， frames_received=25 frames_processed=24 frames_dropped=0 drop_rate=0.0 queue_depth=1 queue_depth_max=1
15:16:09 INFO    [FAILSAFE] telemetry_summary ， accepted=9 batt_v_avg=8.0 last_cmd_age_ms_avg=24.56 detections=15 sent=10
15:16:10 INFO    [FAILSAFE] frame_queue_summary ， frames_received=24 frames_processed=25 frames_dropped=0 drop_rate=0.0 queue_depth=0 queue_depth_max=1
15:16:10 INFO    [FAILSAFE] telemetry_summary ， accepted=10 batt_v_avg=8.0 last_cmd_age_ms_avg=71.8 detections=14 sent=10
15:16:11 INFO    [FAILSAFE] frame_queue_summary ， frames_received=25 frames_processed=25 frames_dropped=0 drop_rate=0.0 queue_depth=0 queue_depth_max=1 latest_age_ms=22 latest_seq=3241
15:16:11 INFO    [FAILSAFE] telemetry_summary ， detections=14 sent=10 accepted=9 batt_v_avg=8.0 last_cmd_age_ms_avg=16.67
15:16:12 INFO    [FAILSAFE] track_opened ， score=0.534
15:16:12 INFO    [FAILSAFE] frame_queue_summary ， frames_received=25 frames_processed=25 frames_dropped=0 drop_rate=0.0 queue_depth=0 queue_depth_max=1 latest_age_ms=7 latest_seq=3266
15:16:12 INFO    [FAILSAFE] telemetry_summary ， accepted=10 batt_v_avg=8.0 last_cmd_age_ms_avg=67.9 detections=18 sent=10
15:16:13 INFO    [FAILSAFE] frame_queue_summary ， frames_received=24 frames_processed=24 frames_dropped=0 drop_rate=0.0 queue_depth=0 queue_depth_max=1
15:16:13 INFO    [FAILSAFE] telemetry_summary ， accepted=9 batt_v_avg=8.0 last_cmd_age_ms_avg=28.67 detections=16 sent=10
15:16:14 INFO    [FAILSAFE] track_dropped ， reason=lost age_ms=1011
15:16:14 INFO    [FAILSAFE] frame_queue_summary ， frames_received=26 frames_processed=25 frames_dropped=0 drop_rate=0.0 queue_depth=1 queue_depth_max=1
15:16:14 INFO    [FAILSAFE] telemetry_summary ， accepted=9 batt_v_avg=8.0 last_cmd_age_ms_avg=47.0 detections=11 sent=10
15:16:15 INFO    [FAILSAFE] frame_queue_summary ， frames_received=25 frames_processed=25 frames_dropped=0 drop_rate=0.0 queue_depth=1 queue_depth_max=1
15:16:15 INFO    [FAILSAFE] telemetry_summary ， accepted=10 batt_v_avg=8.0 last_cmd_age_ms_avg=33.4 detections=18 sent=10
15:16:16 INFO    [FAILSAFE] frame_queue_summary ， frames_received=24 frames_processed=25 frames_dropped=0 drop_rate=0.0 queue_depth=0 queue_depth_max=1 latest_age_ms=15 latest_seq=3365
15:16:16 INFO    [FAILSAFE] telemetry_summary ， accepted=10 batt_v_avg=8.0 last_cmd_age_ms_avg=74.9 detections=14 sent=10
15:16:17 INFO    [FAILSAFE] frame_queue_summary ， frames_received=25 frames_processed=24 frames_dropped=0 drop_rate=0.0 queue_depth=1 queue_depth_max=1
15:16:17 INFO    [FAILSAFE] telemetry_summary ， detections=10 sent=10 accepted=9 batt_v_avg=8.0 last_cmd_age_ms_avg=15.78
15:16:18 INFO    [FAILSAFE] frame_queue_summary ， frames_received=24 frames_processed=25 frames_dropped=0 drop_rate=0.0 queue_depth=0 queue_depth_max=1
15:16:18 INFO    [FAILSAFE] telemetry_summary ， accepted=10 batt_v_avg=8.0 last_cmd_age_ms_avg=42.4 detections=14 sent=10
15:16:19 INFO    [FAILSAFE] frame_queue_summary ， frames_received=26 frames_processed=25 frames_dropped=0 drop_rate=0.0 queue_depth=1 queue_depth_max=1
15:16:19 INFO    [FAILSAFE] telemetry_summary ， accepted=9 batt_v_avg=8.0 last_cmd_age_ms_avg=55.33 detections=14 sent=10
15:16:20 INFO    [FAILSAFE] frame_queue_summary ， frames_received=24 frames_processed=24 frames_dropped=0 drop_rate=0.0 queue_depth=1 queue_depth_max=1
15:16:20 INFO    [FAILSAFE] telemetry_summary ， accepted=10 batt_v_avg=8.0 last_cmd_age_ms_avg=29.3 detections=19 sent=10
15:16:21 INFO    [FAILSAFE] frame_queue_summary ， frames_received=24 frames_processed=25 frames_dropped=0 drop_rate=0.0 queue_depth=0 queue_depth_max=1
15:16:21 INFO    [FAILSAFE] telemetry_summary ， accepted=9 batt_v_avg=8.0 last_cmd_age_ms_avg=41.89 detections=16 sent=10
15:16:22 INFO    [FAILSAFE] frame_queue_summary ， frames_received=25 frames_processed=25 frames_dropped=0 drop_rate=0.0 queue_depth=0 queue_depth_max=1 latest_age_ms=26 latest_seq=3513
15:16:22 INFO    [FAILSAFE] telemetry_summary ， accepted=10 batt_v_avg=8.0 last_cmd_age_ms_avg=34.3 detections=17 sent=10
15:16:23 INFO    [FAILSAFE] frame_queue_summary ， frames_received=25 frames_processed=25 frames_dropped=0 drop_rate=0.0 queue_depth=0 queue_depth_max=1 latest_age_ms=13 latest_seq=3538
15:16:23 INFO    [FAILSAFE] telemetry_summary ， accepted=9 batt_v_avg=8.0 last_cmd_age_ms_avg=47.33 detections=12 sent=10
15:16:24 INFO    [FAILSAFE] frame_queue_summary ， frames_received=24 frames_processed=24 frames_dropped=0 drop_rate=0.0 queue_depth=0 queue_depth_max=1
15:16:24 INFO    [FAILSAFE] telemetry_summary ， accepted=10 batt_v_avg=8.0 last_cmd_age_ms_avg=57.9 detections=16 sent=10
15:16:25 INFO    [FAILSAFE] frame_queue_summary ， frames_received=25 frames_processed=25 frames_dropped=0 drop_rate=0.0 queue_depth=0 queue_depth_max=1
15:16:25 INFO    [FAILSAFE] telemetry_summary ， detections=13 sent=10 accepted=9 batt_v_avg=8.0 last_cmd_age_ms_avg=29.89
15:16:26 INFO    [FAILSAFE] frame_queue_summary ， frames_received=25 frames_processed=25 frames_dropped=0 drop_rate=0.0 queue_depth=0 queue_depth_max=1 latest_age_ms=14 latest_seq=3612
15:16:26 INFO    [FAILSAFE] telemetry_summary ， accepted=10 batt_v_avg=8.0 last_cmd_age_ms_avg=64.2 detections=15 sent=10
15:16:27 INFO    [FAILSAFE] frame_queue_summary ， frames_received=25 frames_processed=24 frames_dropped=0 drop_rate=0.0 queue_depth=1 queue_depth_max=1
15:16:27 INFO    [FAILSAFE] telemetry_summary ， detections=16 sent=10 accepted=9 batt_v_avg=8.0 last_cmd_age_ms_avg=35.89
15:16:28 INFO    [FAILSAFE] frame_queue_summary ， frames_received=24 frames_processed=25 frames_dropped=0 drop_rate=0.0 queue_depth=0 queue_depth_max=1
15:16:28 INFO    [FAILSAFE] telemetry_summary ， accepted=10 batt_v_avg=8.0 last_cmd_age_ms_avg=62.8 detections=19 sent=10
15:16:29 INFO    [FAILSAFE] frame_queue_summary ， frames_received=25 frames_processed=25 frames_dropped=0 drop_rate=0.0 queue_depth=0 queue_depth_max=1
15:16:29 INFO    [FAILSAFE] telemetry_summary ， detections=13 sent=10 accepted=9 batt_v_avg=8.0 last_cmd_age_ms_avg=30.33
15:16:30 INFO    [FAILSAFE] frame_queue_summary ， frames_received=25 frames_processed=25 frames_dropped=0 drop_rate=0.0 queue_depth=0 queue_depth_max=1 latest_age_ms=10 latest_seq=3711
15:16:30 INFO    [FAILSAFE] telemetry_summary ， accepted=9 batt_v_avg=8.0 last_cmd_age_ms_avg=57.44 detections=14 sent=10
15:16:31 INFO    [FAILSAFE] frame_queue_summary ， frames_received=25 frames_processed=24 frames_dropped=0 drop_rate=0.0 queue_depth=1 queue_depth_max=1
15:16:31 INFO    [FAILSAFE] telemetry_summary ， accepted=10 batt_v_avg=8.0 last_cmd_age_ms_avg=30.9 detections=15 sent=10
15:16:32 INFO    [FAILSAFE] frame_queue_summary ， frames_received=24 frames_processed=25 frames_dropped=0 drop_rate=0.0 queue_depth=0 queue_depth_max=1
15:16:32 INFO    [FAILSAFE] telemetry_summary ， detections=18 sent=10 accepted=9 batt_v_avg=8.0 last_cmd_age_ms_avg=25.67
15:16:33 INFO    [FAILSAFE] frame_queue_summary ， frames_received=25 frames_processed=25 frames_dropped=0 drop_rate=0.0 queue_depth=0 queue_depth_max=1
15:16:33 INFO    [FAILSAFE] telemetry_summary ， accepted=9 batt_v_avg=8.0 last_cmd_age_ms_avg=60.44 detections=17 sent=10
15:16:34 INFO    [FAILSAFE] frame_queue_summary ， frames_received=25 frames_processed=25 frames_dropped=0 drop_rate=0.0 queue_depth=0 queue_depth_max=1 latest_age_ms=8 latest_seq=3810
15:16:34 INFO    [FAILSAFE] telemetry_summary ， accepted=9 batt_v_avg=8.0 last_cmd_age_ms_avg=43.33 detections=14 sent=10
15:16:35 INFO    [FAILSAFE] frame_queue_summary ， frames_received=25 frames_processed=24 frames_dropped=0 drop_rate=0.0 queue_depth=1 queue_depth_max=1
15:16:35 INFO    [FAILSAFE] telemetry_summary ， accepted=9 batt_v_avg=8.0 last_cmd_age_ms_avg=33.33 detections=15 sent=10
15:16:36 INFO    [FAILSAFE] frame_queue_summary ， frames_received=24 frames_processed=25 frames_dropped=0 drop_rate=0.0 queue_depth=0 queue_depth_max=1
15:16:36 INFO    [FAILSAFE] telemetry_summary ， accepted=10 batt_v_avg=8.0 last_cmd_age_ms_avg=22.5 detections=14 sent=10
15:16:37 INFO    [FAILSAFE] frame_queue_summary ， frames_received=25 frames_processed=25 frames_dropped=0 drop_rate=0.0 queue_depth=0 queue_depth_max=1 latest_age_ms=21 latest_seq=3884
15:16:37 INFO    [FAILSAFE] telemetry_summary ， accepted=9 batt_v_avg=8.0 last_cmd_age_ms_avg=52.89 detections=10 sent=10
15:16:38 INFO    [FAILSAFE] frame_queue_summary ， frames_received=25 frames_processed=24 frames_dropped=0 drop_rate=0.0 queue_depth=1 queue_depth_max=1
15:16:38 INFO    [FAILSAFE] telemetry_summary ， accepted=9 batt_v_avg=8.0 last_cmd_age_ms_avg=57.44 detections=10 sent=10
15:16:39 INFO    [FAILSAFE] frame_queue_summary ， frames_received=25 frames_processed=25 frames_dropped=0 drop_rate=0.0 queue_depth=1 queue_depth_max=1
15:16:39 INFO    [FAILSAFE] telemetry_summary ， accepted=10 batt_v_avg=8.0 last_cmd_age_ms_avg=35.9 detections=13 sent=10
15:16:40 INFO    [FAILSAFE] frame_queue_summary ， frames_received=24 frames_processed=25 frames_dropped=0 drop_rate=0.0 queue_depth=0 queue_depth_max=1
15:16:40 INFO    [FAILSAFE] telemetry_summary ， accepted=9 batt_v_avg=8.0 last_cmd_age_ms_avg=64.11 detections=11 sent=10
15:16:41 INFO    [FAILSAFE] frame_queue_summary ， frames_received=25 frames_processed=25 frames_dropped=0 drop_rate=0.0 queue_depth=0 queue_depth_max=1 latest_age_ms=10 latest_seq=3983
15:16:41 INFO    [FAILSAFE] telemetry_summary ， accepted=10 batt_v_avg=8.0 last_cmd_age_ms_avg=29.4 detections=15 sent=10
15:16:42 INFO    [FAILSAFE] frame_queue_summary ， frames_received=25 frames_processed=24 frames_dropped=0 drop_rate=0.0 queue_depth=1 queue_depth_max=1
15:16:42 INFO    [FAILSAFE] telemetry_summary ， accepted=8 batt_v_avg=8.0 last_cmd_age_ms_avg=48.75 detections=12 sent=10
15:16:43 INFO    [FAILSAFE] frame_queue_summary ， frames_received=24 frames_processed=25 frames_dropped=0 drop_rate=0.0 queue_depth=0 queue_depth_max=1
15:16:43 INFO    [FAILSAFE] telemetry_summary ， accepted=10 batt_v_avg=8.0 last_cmd_age_ms_avg=36.2 detections=19 sent=10
15:16:44 INFO    [FAILSAFE] frame_queue_summary ， frames_received=25 frames_processed=25 frames_dropped=0 drop_rate=0.0 queue_depth=0 queue_depth_max=1 latest_age_ms=26 latest_seq=4057
15:16:44 INFO    [FAILSAFE] telemetry_summary ， accepted=9 batt_v_avg=8.0 last_cmd_age_ms_avg=36.56 detections=17 sent=10
15:16:45 INFO    [FAILSAFE] frame_queue_summary ， frames_received=25 frames_processed=24 frames_dropped=0 drop_rate=0.0 queue_depth=1 queue_depth_max=1
15:16:45 INFO    [FAILSAFE] telemetry_summary ， accepted=9 batt_v_avg=8.0 last_cmd_age_ms_avg=51.78 detections=17 sent=10
15:16:46 INFO    [FAILSAFE] frame_queue_summary ， frames_received=24 frames_processed=25 frames_dropped=0 drop_rate=0.0 queue_depth=0 queue_depth_max=1
15:16:46 INFO    [FAILSAFE] telemetry_summary ， accepted=9 batt_v_avg=8.0 last_cmd_age_ms_avg=49.11 detections=13 sent=10
15:16:47 INFO    [FAILSAFE] frame_queue_summary ， frames_received=25 frames_processed=25 frames_dropped=0 drop_rate=0.0 queue_depth=0 queue_depth_max=1
15:16:47 INFO    [FAILSAFE] telemetry_summary ， accepted=9 batt_v_avg=8.0 last_cmd_age_ms_avg=49.22 detections=11 sent=10
15:16:48 INFO    [FAILSAFE] frame_queue_summary ， frames_received=25 frames_processed=24 frames_dropped=0 drop_rate=0.0 queue_depth=1 queue_depth_max=1
15:16:48 INFO    [FAILSAFE] telemetry_summary ， accepted=9 batt_v_avg=8.0 last_cmd_age_ms_avg=40.78 detections=16 sent=10
15:16:49 INFO    [FAILSAFE] frame_queue_summary ， frames_received=25 frames_processed=25 frames_dropped=0 drop_rate=0.0 queue_depth=1 queue_depth_max=1
15:16:49 INFO    [FAILSAFE] telemetry_summary ， accepted=10 batt_v_avg=8.0 last_cmd_age_ms_avg=29.4 detections=17 sent=10
15:16:50 INFO    [FAILSAFE] frame_queue_summary ， frames_received=24 frames_processed=25 frames_dropped=0 drop_rate=0.0 queue_depth=0 queue_depth_max=1
15:16:50 INFO    [FAILSAFE] telemetry_summary ， accepted=9 batt_v_avg=8.0 last_cmd_age_ms_avg=36.22 detections=13 sent=10
15:16:51 INFO    [FAILSAFE] frame_queue_summary ， frames_received=25 frames_processed=25 frames_dropped=0 drop_rate=0.0 queue_depth=0 queue_depth_max=1 latest_age_ms=21 latest_seq=4230
15:16:51 INFO    [FAILSAFE] telemetry_summary ， accepted=9 batt_v_avg=8.0 last_cmd_age_ms_avg=42.56 detections=14 sent=10
15:16:52 INFO    [FAILSAFE] frame_queue_summary ， frames_received=25 frames_processed=24 frames_dropped=0 drop_rate=0.0 queue_depth=1 queue_depth_max=1
15:16:52 INFO    [FAILSAFE] telemetry_summary ， accepted=10 batt_v_avg=8.0 last_cmd_age_ms_avg=41.8 detections=19 sent=10
15:16:53 INFO    [FAILSAFE] frame_queue_summary ， frames_received=24 frames_processed=25 frames_dropped=0 drop_rate=0.0 queue_depth=0 queue_depth_max=1
15:16:53 INFO    [FAILSAFE] telemetry_summary ， accepted=9 batt_v_avg=8.0 last_cmd_age_ms_avg=47.11 detections=12 sent=10
15:16:54 INFO    [FAILSAFE] frame_queue_summary ， frames_received=25 frames_processed=25 frames_dropped=0 drop_rate=0.0 queue_depth=0 queue_depth_max=1
15:16:54 INFO    [FAILSAFE] telemetry_summary ， accepted=10 batt_v_avg=8.0 last_cmd_age_ms_avg=43.7 detections=18 sent=10
15:16:55 INFO    [FAILSAFE] frame_queue_summary ， frames_received=25 frames_processed=24 frames_dropped=0 drop_rate=0.0 queue_depth=1 queue_depth_max=1
15:16:55 INFO    [FAILSAFE] telemetry_summary ， accepted=9 batt_v_avg=8.0 last_cmd_age_ms_avg=29.33 detections=14 sent=10
15:16:56 INFO    [FAILSAFE] frame_queue_summary ， frames_received=25 frames_processed=25 frames_dropped=0 drop_rate=0.0 queue_depth=1 queue_depth_max=1
15:16:56 INFO    [FAILSAFE] telemetry_summary ， accepted=9 batt_v_avg=8.0 last_cmd_age_ms_avg=61.67 detections=14 sent=10
15:16:57 INFO    [FAILSAFE] frame_queue_summary ， frames_received=25 frames_processed=25 frames_dropped=0 drop_rate=0.0 queue_depth=1 queue_depth_max=1
15:16:57 INFO    [FAILSAFE] telemetry_summary ， accepted=9 batt_v_avg=8.0 last_cmd_age_ms_avg=33.89 detections=14 sent=10
15:16:58 INFO    [FAILSAFE] frame_queue_summary ， frames_received=24 frames_processed=25 frames_dropped=0 drop_rate=0.0 queue_depth=0 queue_depth_max=1 latest_age_ms=10 latest_seq=4403
15:16:58 INFO    [FAILSAFE] telemetry_summary ， accepted=9 batt_v_avg=8.0 last_cmd_age_ms_avg=64.33 detections=14 sent=10
15:16:59 INFO    [FAILSAFE] frame_queue_summary ， frames_received=25 frames_processed=24 frames_dropped=0 drop_rate=0.0 queue_depth=1 queue_depth_max=1
15:16:59 INFO    [FAILSAFE] telemetry_summary ， accepted=10 batt_v_avg=8.0 last_cmd_age_ms_avg=30.7 detections=17 sent=10
15:17:00 INFO    [FAILSAFE] frame_queue_summary ， frames_received=25 frames_processed=25 frames_dropped=0 drop_rate=0.0 queue_depth=1 queue_depth_max=1
15:17:00 INFO    [FAILSAFE] telemetry_summary ， accepted=9 batt_v_avg=8.0 last_cmd_age_ms_avg=45.44 detections=12 sent=10
15:17:01 INFO    [FAILSAFE] frame_queue_summary ， frames_received=24 frames_processed=25 frames_dropped=0 drop_rate=0.0 queue_depth=0 queue_depth_max=1 latest_age_ms=13 latest_seq=4477
15:17:01 INFO    [FAILSAFE] telemetry_summary ， accepted=9 batt_v_avg=8.0 last_cmd_age_ms_avg=45.89 detections=17 sent=10
15:17:02 INFO    [FAILSAFE] frame_queue_summary ， frames_received=25 frames_processed=24 frames_dropped=0 drop_rate=0.0 queue_depth=1 queue_depth_max=1
15:17:02 INFO    [FAILSAFE] telemetry_summary ， accepted=10 batt_v_avg=8.0 last_cmd_age_ms_avg=10.4 detections=18 sent=10
15:17:03 INFO    [FAILSAFE] frame_queue_summary ， frames_received=25 frames_processed=25 frames_dropped=0 drop_rate=0.0 queue_depth=1 queue_depth_max=1
15:17:03 INFO    [FAILSAFE] telemetry_summary ， accepted=9 batt_v_avg=8.0 last_cmd_age_ms_avg=24.11 detections=14 sent=10
15:17:04 INFO    [FAILSAFE] frame_queue_summary ， frames_received=24 frames_processed=25 frames_dropped=0 drop_rate=0.0 queue_depth=0 queue_depth_max=1
15:17:04 INFO    [FAILSAFE] telemetry_summary ， accepted=9 batt_v_avg=8.0 last_cmd_age_ms_avg=51.33 detections=17 sent=10
15:17:05 INFO    [FAILSAFE] track_opened ， score=0.538
15:17:05 INFO    [FAILSAFE] frame_queue_summary ， frames_received=25 frames_processed=25 frames_dropped=0 drop_rate=0.0 queue_depth=0 queue_depth_max=1 latest_age_ms=15 latest_seq=4576
15:17:05 INFO    [FAILSAFE] telemetry_summary ， accepted=10 batt_v_avg=8.0 last_cmd_age_ms_avg=24.7 detections=19 sent=10
15:17:06 INFO    [FAILSAFE] frame_queue_summary ， frames_received=25 frames_processed=24 frames_dropped=0 drop_rate=0.0 queue_depth=1 queue_depth_max=1
15:17:06 INFO    [FAILSAFE] telemetry_summary ， accepted=9 batt_v_avg=8.0 last_cmd_age_ms_avg=41.11 detections=16 sent=10
15:17:07 INFO    [FAILSAFE] frame_queue_summary ， frames_received=24 frames_processed=25 frames_dropped=0 drop_rate=0.0 queue_depth=0 queue_depth_max=1
15:17:07 INFO    [FAILSAFE] telemetry_summary ， accepted=10 batt_v_avg=8.0 last_cmd_age_ms_avg=40.1 detections=20 sent=10
15:17:07 INFO    [FAILSAFE] track_dropped ， reason=lost age_ms=1009
15:17:08 INFO    [FAILSAFE] frame_queue_summary ， frames_received=25 frames_processed=25 frames_dropped=0 drop_rate=0.0 queue_depth=0 queue_depth_max=1
15:17:08 INFO    [FAILSAFE] telemetry_summary ， accepted=9 batt_v_avg=8.0 last_cmd_age_ms_avg=56.78 detections=13 sent=10
15:17:09 INFO    [FAILSAFE] frame_queue_summary ， frames_received=25 frames_processed=25 frames_dropped=0 drop_rate=0.0 queue_depth=0 queue_depth_max=1 latest_age_ms=11 latest_seq=4675
15:17:09 INFO    [FAILSAFE] telemetry_summary ， accepted=9 batt_v_avg=8.0 last_cmd_age_ms_avg=29.56 detections=14 sent=10
15:17:10 INFO    [FAILSAFE] frame_queue_summary ， frames_received=25 frames_processed=24 frames_dropped=0 drop_rate=0.0 queue_depth=1 queue_depth_max=1
15:17:10 INFO    [FAILSAFE] telemetry_summary ， accepted=9 batt_v_avg=8.0 last_cmd_age_ms_avg=74.67 detections=13 sent=10
15:17:11 INFO    [FAILSAFE] frame_queue_summary ， frames_received=25 frames_processed=25 frames_dropped=0 drop_rate=0.0 queue_depth=1 queue_depth_max=1
15:17:11 INFO    [FAILSAFE] telemetry_summary ， accepted=10 batt_v_avg=8.0 last_cmd_age_ms_avg=25.7 detections=15 sent=10
15:17:12 INFO    [FAILSAFE] frame_queue_summary ， frames_received=24 frames_processed=25 frames_dropped=0 drop_rate=0.0 queue_depth=0 queue_depth_max=1 latest_age_ms=14 latest_seq=4749
15:17:12 INFO    [FAILSAFE] telemetry_summary ， accepted=9 batt_v_avg=8.0 last_cmd_age_ms_avg=65.78 detections=11 sent=10
15:17:13 INFO    [FAILSAFE] frame_queue_summary ， frames_received=25 frames_processed=24 frames_dropped=0 drop_rate=0.0 queue_depth=1 queue_depth_max=1
15:17:13 INFO    [FAILSAFE] telemetry_summary ， accepted=9 batt_v_avg=8.0 last_cmd_age_ms_avg=43.33 detections=16 sent=10
15:17:14 INFO    [FAILSAFE] frame_queue_summary ， frames_received=25 frames_processed=25 frames_dropped=0 drop_rate=0.0 queue_depth=1 queue_depth_max=1
15:17:14 INFO    [FAILSAFE] telemetry_summary ， accepted=10 batt_v_avg=8.0 last_cmd_age_ms_avg=47.2 detections=17 sent=10
15:17:15 INFO    [FAILSAFE] telemetry_summary ， accepted=8 batt_v_avg=8.0 last_cmd_age_ms_avg=37.62 detections=13 sent=10
15:17:15 INFO    [FAILSAFE] frame_queue_summary ， frames_received=25 frames_processed=24 frames_dropped=0 drop_rate=0.0 queue_depth=2 queue_depth_max=2
15:17:16 INFO    [FAILSAFE] frame_queue_summary ， frames_received=23 frames_processed=23 frames_dropped=2 drop_rate=0.087 queue_depth=0 queue_depth_max=2 latest_age_ms=23 latest_seq=4847
15:17:16 INFO    [FAILSAFE] telemetry_summary ， accepted=9 batt_v_avg=8.0 last_cmd_age_ms_avg=28.44 detections=13 sent=10
15:17:17 INFO    [FAILSAFE] frame_queue_summary ， frames_received=25 frames_processed=24 frames_dropped=0 drop_rate=0.0 queue_depth=1 queue_depth_max=1
15:17:17 INFO    [FAILSAFE] telemetry_summary ， accepted=9 batt_v_avg=8.0 last_cmd_age_ms_avg=31.89 detections=14 sent=10
15:17:18 INFO    [FAILSAFE] frame_queue_summary ， frames_received=24 frames_processed=25 frames_dropped=0 drop_rate=0.0 queue_depth=0 queue_depth_max=1
15:17:18 INFO    [FAILSAFE] telemetry_summary ， accepted=9 batt_v_avg=8.0 last_cmd_age_ms_avg=58.0 detections=13 sent=10
15:17:19 INFO    [FAILSAFE] frame_queue_summary ， frames_received=25 frames_processed=25 frames_dropped=0 drop_rate=0.0 queue_depth=0 queue_depth_max=1 latest_age_ms=25 latest_seq=4921
15:17:19 INFO    [FAILSAFE] telemetry_summary ， accepted=9 batt_v_avg=8.0 last_cmd_age_ms_avg=51.78 detections=16 sent=10
15:17:20 INFO    [FAILSAFE] frame_queue_summary ， frames_received=25 frames_processed=24 frames_dropped=0 drop_rate=0.0 queue_depth=1 queue_depth_max=1
15:17:20 INFO    [FAILSAFE] telemetry_summary ， accepted=10 batt_v_avg=8.0 last_cmd_age_ms_avg=31.5 detections=15 sent=10
15:17:21 INFO    [FAILSAFE] frame_queue_summary ， frames_received=24 frames_processed=25 frames_dropped=0 drop_rate=0.0 queue_depth=0 queue_depth_max=1
15:17:21 INFO    [FAILSAFE] telemetry_summary ， detections=16 sent=10 accepted=9 batt_v_avg=8.0 last_cmd_age_ms_avg=31.22
15:17:22 INFO    [FAILSAFE] frame_queue_summary ， frames_received=25 frames_processed=25 frames_dropped=0 drop_rate=0.0 queue_depth=0 queue_depth_max=1 latest_age_ms=15 latest_seq=4995
15:17:22 INFO    [FAILSAFE] telemetry_summary ， accepted=9 batt_v_avg=8.0 last_cmd_age_ms_avg=28.78 detections=14 sent=10
15:17:23 INFO    [FAILSAFE] track_opened ， score=0.503
15:17:23 INFO    [FAILSAFE] frame_queue_summary ， frames_received=25 frames_processed=23 frames_dropped=1 drop_rate=0.04 queue_depth=1 queue_depth_max=2
15:17:23 INFO    [FAILSAFE] telemetry_summary ， accepted=9 batt_v_avg=8.0 last_cmd_age_ms_avg=45.22 detections=17 sent=10
15:17:24 INFO    [FAILSAFE] track_dropped ， reason=lost age_ms=1038
15:17:24 INFO    [FAILSAFE] frame_queue_summary ， frames_received=24 frames_processed=25 frames_dropped=0 drop_rate=0.0 queue_depth=0 queue_depth_max=1 latest_age_ms=11 latest_seq=5044
15:17:24 INFO    [FAILSAFE] telemetry_summary ， detections=15 sent=10 accepted=9 batt_v_avg=8.0 last_cmd_age_ms_avg=32.56
15:17:25 INFO    [FAILSAFE] frame_queue_summary ， frames_received=25 frames_processed=24 frames_dropped=0 drop_rate=0.0 queue_depth=1 queue_depth_max=1
15:17:25 INFO    [FAILSAFE] telemetry_summary ， accepted=9 batt_v_avg=8.0 last_cmd_age_ms_avg=27.44 detections=14 sent=10
15:17:26 INFO    [FAILSAFE] frame_queue_summary ， frames_received=25 frames_processed=25 frames_dropped=0 drop_rate=0.0 queue_depth=1 queue_depth_max=1
15:17:26 INFO    [FAILSAFE] telemetry_summary ， accepted=9 batt_v_avg=8.0 last_cmd_age_ms_avg=46.22 detections=13 sent=10
15:17:27 INFO    [FAILSAFE] frame_queue_summary ， frames_received=24 frames_processed=25 frames_dropped=0 drop_rate=0.0 queue_depth=0 queue_depth_max=1 latest_age_ms=14 latest_seq=5118
15:17:27 INFO    [FAILSAFE] telemetry_summary ， accepted=9 batt_v_avg=8.0 last_cmd_age_ms_avg=37.22 detections=9 sent=10
15:17:28 INFO    [FAILSAFE] frame_queue_summary ， frames_received=25 frames_processed=25 frames_dropped=0 drop_rate=0.0 queue_depth=0 queue_depth_max=1 latest_age_ms=9 latest_seq=5143
15:17:28 INFO    [FAILSAFE] telemetry_summary ， accepted=10 batt_v_avg=8.0 last_cmd_age_ms_avg=44.9 detections=16 sent=10
15:17:29 INFO    [FAILSAFE] frame_queue_summary ， frames_received=24 frames_processed=24 frames_dropped=0 drop_rate=0.0 queue_depth=0 queue_depth_max=1
15:17:29 INFO    [FAILSAFE] telemetry_summary ， accepted=9 batt_v_avg=8.0 last_cmd_age_ms_avg=34.56 detections=16 sent=10
15:17:30 INFO    [FAILSAFE] frame_queue_summary ， frames_received=26 frames_processed=25 frames_dropped=0 drop_rate=0.0 queue_depth=1 queue_depth_max=1
15:17:30 INFO    [FAILSAFE] telemetry_summary ， accepted=9 batt_v_avg=8.0 last_cmd_age_ms_avg=34.44 detections=14 sent=10
15:17:31 INFO    [FAILSAFE] frame_queue_summary ， frames_received=24 frames_processed=25 frames_dropped=0 drop_rate=0.0 queue_depth=0 queue_depth_max=1 latest_age_ms=15 latest_seq=5217
15:17:31 INFO    [FAILSAFE] telemetry_summary ， accepted=9 batt_v_avg=8.0 last_cmd_age_ms_avg=40.44 detections=15 sent=10
15:17:32 INFO    [FAILSAFE] frame_queue_summary ， frames_received=24 frames_processed=24 frames_dropped=0 drop_rate=0.0 queue_depth=0 queue_depth_max=1
15:17:32 INFO    [FAILSAFE] telemetry_summary ， accepted=9 batt_v_avg=8.0 last_cmd_age_ms_avg=19.33 detections=15 sent=10
15:17:33 INFO    [FAILSAFE] frame_queue_summary ， frames_received=25 frames_processed=25 frames_dropped=0 drop_rate=0.0 queue_depth=0 queue_depth_max=1 latest_age_ms=21 latest_seq=5266
15:17:33 INFO    [FAILSAFE] telemetry_summary ， accepted=9 batt_v_avg=8.0 last_cmd_age_ms_avg=61.56 detections=17 sent=10
15:17:34 INFO    [FAILSAFE] frame_queue_summary ， frames_received=26 frames_processed=25 frames_dropped=0 drop_rate=0.0 queue_depth=1 queue_depth_max=1
15:17:34 INFO    [FAILSAFE] telemetry_summary ， accepted=10 batt_v_avg=8.0 last_cmd_age_ms_avg=24.6 detections=18 sent=10
15:17:35 INFO    [FAILSAFE] frame_queue_summary ， frames_received=24 frames_processed=24 frames_dropped=0 drop_rate=0.0 queue_depth=1 queue_depth_max=1
15:17:35 INFO    [FAILSAFE] telemetry_summary ， accepted=9 batt_v_avg=8.0 last_cmd_age_ms_avg=63.22 detections=14 sent=10
15:17:36 INFO    [FAILSAFE] frame_queue_summary ， frames_received=25 frames_processed=25 frames_dropped=0 drop_rate=0.0 queue_depth=1 queue_depth_max=1
15:17:36 INFO    [FAILSAFE] telemetry_summary ， accepted=10 batt_v_avg=8.0 last_cmd_age_ms_avg=29.9 detections=14 sent=10
15:17:37 INFO    [FAILSAFE] frame_queue_summary ， frames_received=24 frames_processed=25 frames_dropped=0 drop_rate=0.0 queue_depth=0 queue_depth_max=1
15:17:37 INFO    [FAILSAFE] telemetry_summary ， accepted=9 batt_v_avg=8.0 last_cmd_age_ms_avg=31.89 detections=17 sent=10
15:17:38 INFO    [FAILSAFE] frame_queue_summary ， frames_received=26 frames_processed=25 frames_dropped=0 drop_rate=0.0 queue_depth=1 queue_depth_max=1
15:17:38 INFO    [FAILSAFE] telemetry_summary ， accepted=9 batt_v_avg=8.0 last_cmd_age_ms_avg=48.89 detections=15 sent=10
15:17:39 INFO    [FAILSAFE] frame_queue_summary ， frames_received=24 frames_processed=25 frames_dropped=0 drop_rate=0.0 queue_depth=0 queue_depth_max=1 latest_age_ms=9 latest_seq=5415
15:17:39 INFO    [FAILSAFE] telemetry_summary ， accepted=10 batt_v_avg=8.0 last_cmd_age_ms_avg=39.4 detections=18 sent=10
15:17:40 INFO    [FAILSAFE] frame_queue_summary ， frames_received=24 frames_processed=24 frames_dropped=0 drop_rate=0.0 queue_depth=0 queue_depth_max=1
15:17:40 INFO    [FAILSAFE] telemetry_summary ， accepted=9 batt_v_avg=8.0 last_cmd_age_ms_avg=26.33 detections=14 sent=10
15:17:41 INFO    [FAILSAFE] frame_queue_summary ， frames_received=26 frames_processed=25 frames_dropped=0 drop_rate=0.0 queue_depth=1 queue_depth_max=1
15:17:41 INFO    [FAILSAFE] telemetry_summary ， accepted=10 batt_v_avg=8.0 last_cmd_age_ms_avg=56.5 detections=15 sent=10
15:17:42 INFO    [FAILSAFE] frame_queue_summary ， frames_received=24 frames_processed=25 frames_dropped=0 drop_rate=0.0 queue_depth=0 queue_depth_max=1 latest_age_ms=11 latest_seq=5489
15:17:42 INFO    [FAILSAFE] telemetry_summary ， detections=17 sent=10 accepted=9 batt_v_avg=8.0 last_cmd_age_ms_avg=29.22
15:17:43 INFO    [FAILSAFE] frame_queue_summary ， frames_received=25 frames_processed=24 frames_dropped=0 drop_rate=0.0 queue_depth=1 queue_depth_max=1
15:17:43 INFO    [FAILSAFE] telemetry_summary ， accepted=9 batt_v_avg=8.0 last_cmd_age_ms_avg=61.67 detections=13 sent=10
15:17:44 INFO    [FAILSAFE] frame_queue_summary ， frames_received=24 frames_processed=25 frames_dropped=0 drop_rate=0.0 queue_depth=0 queue_depth_max=1
15:17:44 INFO    [FAILSAFE] telemetry_summary ， accepted=10 batt_v_avg=8.0 last_cmd_age_ms_avg=38.2 detections=17 sent=10
15:17:45 INFO    [FAILSAFE] frame_queue_summary ， frames_received=25 frames_processed=25 frames_dropped=0 drop_rate=0.0 queue_depth=0 queue_depth_max=1 latest_age_ms=19 latest_seq=5563
15:17:45 INFO    [FAILSAFE] telemetry_summary ， accepted=9 batt_v_avg=8.0 last_cmd_age_ms_avg=30.33 detections=14 sent=10
15:17:46 INFO    [FAILSAFE] frame_queue_summary ， frames_received=25 frames_processed=25 frames_dropped=0 drop_rate=0.0 queue_depth=0 queue_depth_max=1 latest_age_ms=2 latest_seq=5588
15:17:46 INFO    [FAILSAFE] telemetry_summary ， accepted=9 batt_v_avg=8.0 last_cmd_age_ms_avg=37.56 detections=12 sent=10
15:17:47 INFO    [FAILSAFE] frame_queue_summary ， frames_received=24 frames_processed=22 frames_dropped=2 drop_rate=0.083 queue_depth=0 queue_depth_max=2
15:17:47 INFO    [FAILSAFE] telemetry_summary ， accepted=9 batt_v_avg=8.0 last_cmd_age_ms_avg=50.67 detections=14 sent=10
15:17:48 INFO    [FAILSAFE] frame_queue_summary ， frames_received=25 frames_processed=24 frames_dropped=1 drop_rate=0.04 queue_depth=0 queue_depth_max=2 latest_age_ms=14 latest_seq=5637
15:17:48 INFO    [FAILSAFE] telemetry_summary ， detections=17 sent=10 accepted=9 batt_v_avg=8.0 last_cmd_age_ms_avg=27.67
15:17:49 INFO    [FAILSAFE] frame_queue_summary ， frames_received=25 frames_processed=24 frames_dropped=0 drop_rate=0.0 queue_depth=1 queue_depth_max=1
15:17:49 INFO    [FAILSAFE] telemetry_summary ， accepted=9 batt_v_avg=8.0 last_cmd_age_ms_avg=53.0 detections=14 sent=10
15:17:50 INFO    [FAILSAFE] frame_queue_summary ， frames_received=24 frames_processed=25 frames_dropped=0 drop_rate=0.0 queue_depth=0 queue_depth_max=1
15:17:50 INFO    [FAILSAFE] telemetry_summary ， accepted=8 batt_v_avg=8.0 last_cmd_age_ms_avg=49.25 detections=14 sent=10
15:17:51 INFO    [FAILSAFE] frame_queue_summary ， frames_received=24 frames_processed=24 frames_dropped=0 drop_rate=0.0 queue_depth=0 queue_depth_max=1
15:17:51 INFO    [FAILSAFE] telemetry_summary ， accepted=9 batt_v_avg=8.0 last_cmd_age_ms_avg=53.22 detections=13 sent=10
15:17:52 INFO    [FAILSAFE] frame_queue_summary ， frames_received=26 frames_processed=25 frames_dropped=0 drop_rate=0.0 queue_depth=1 queue_depth_max=1
15:17:52 INFO    [FAILSAFE] telemetry_summary ， accepted=9 batt_v_avg=8.0 last_cmd_age_ms_avg=21.22 detections=13 sent=10
15:17:53 INFO    [FAILSAFE] frame_queue_summary ， frames_received=24 frames_processed=25 frames_dropped=0 drop_rate=0.0 queue_depth=0 queue_depth_max=1 latest_age_ms=12 latest_seq=5760
15:17:53 INFO    [FAILSAFE] telemetry_summary ， accepted=9 batt_v_avg=8.0 last_cmd_age_ms_avg=45.56 detections=16 sent=10
15:17:54 INFO    [FAILSAFE] frame_queue_summary ， frames_received=25 frames_processed=24 frames_dropped=0 drop_rate=0.0 queue_depth=1 queue_depth_max=1
15:17:54 INFO    [FAILSAFE] telemetry_summary ， accepted=9 batt_v_avg=8.0 last_cmd_age_ms_avg=35.78 detections=12 sent=10
15:17:55 INFO    [FAILSAFE] frame_queue_summary ， frames_received=25 frames_processed=25 frames_dropped=0 drop_rate=0.0 queue_depth=1 queue_depth_max=1
15:17:55 INFO    [FAILSAFE] telemetry_summary ， accepted=9 batt_v_avg=8.0 last_cmd_age_ms_avg=36.0 detections=15 sent=10
15:17:56 INFO    [FAILSAFE] frame_queue_summary ， frames_received=25 frames_processed=24 frames_dropped=1 drop_rate=0.04 queue_depth=1 queue_depth_max=2
15:17:56 INFO    [FAILSAFE] telemetry_summary ， accepted=9 batt_v_avg=8.0 last_cmd_age_ms_avg=40.44 detections=16 sent=10
15:17:57 INFO    [FAILSAFE] frame_queue_summary ， frames_received=24 frames_processed=24 frames_dropped=0 drop_rate=0.0 queue_depth=1 queue_depth_max=1
15:17:57 INFO    [FAILSAFE] telemetry_summary ， accepted=9 batt_v_avg=8.0 last_cmd_age_ms_avg=48.11 detections=15 sent=10
15:17:58 INFO    [FAILSAFE] frame_queue_summary ， frames_received=24 frames_processed=25 frames_dropped=0 drop_rate=0.0 queue_depth=0 queue_depth_max=1 latest_age_ms=25 latest_seq=5883
15:17:58 INFO    [FAILSAFE] telemetry_summary ， accepted=9 batt_v_avg=8.0 last_cmd_age_ms_avg=33.78 detections=15 sent=10
15:17:59 INFO    [FAILSAFE] frame_queue_summary ， frames_received=25 frames_processed=25 frames_dropped=0 drop_rate=0.0 queue_depth=0 queue_depth_max=1 latest_age_ms=15 latest_seq=5908
15:17:59 INFO    [FAILSAFE] telemetry_summary ， accepted=9 batt_v_avg=8.0 last_cmd_age_ms_avg=54.89 detections=15 sent=10
15:18:00 INFO    [FAILSAFE] frame_queue_summary ， frames_received=25 frames_processed=24 frames_dropped=0 drop_rate=0.0 queue_depth=1 queue_depth_max=1
15:18:00 INFO    [FAILSAFE] telemetry_summary ， accepted=9 batt_v_avg=8.0 last_cmd_age_ms_avg=26.33 detections=16 sent=10
15:18:01 INFO    [FAILSAFE] frame_queue_summary ， frames_received=24 frames_processed=25 frames_dropped=0 drop_rate=0.0 queue_depth=0 queue_depth_max=1 latest_age_ms=22 latest_seq=5957
15:18:01 INFO    [FAILSAFE] telemetry_summary ， accepted=10 batt_v_avg=8.0 last_cmd_age_ms_avg=46.2 detections=14 sent=10
15:18:02 INFO    [FAILSAFE] frame_queue_summary ， frames_received=25 frames_processed=25 frames_dropped=0 drop_rate=0.0 queue_depth=0 queue_depth_max=1 latest_age_ms=4 latest_seq=5982
15:18:02 INFO    [FAILSAFE] telemetry_summary ， accepted=9 batt_v_avg=8.0 last_cmd_age_ms_avg=21.0 detections=13 sent=10
15:18:03 INFO    [FAILSAFE] frame_queue_summary ， frames_received=24 frames_processed=24 frames_dropped=0 drop_rate=0.0 queue_depth=0 queue_depth_max=1
15:18:03 INFO    [FAILSAFE] telemetry_summary ， accepted=10 batt_v_avg=8.0 last_cmd_age_ms_avg=63.1 detections=18 sent=10
15:18:04 INFO    [FAILSAFE] frame_queue_summary ， frames_received=25 frames_processed=25 frames_dropped=0 drop_rate=0.0 queue_depth=0 queue_depth_max=1
15:18:04 INFO    [FAILSAFE] telemetry_summary ， accepted=9 batt_v_avg=8.0 last_cmd_age_ms_avg=42.89 detections=16 sent=10
15:18:05 INFO    [FAILSAFE] frame_queue_summary ， frames_received=25 frames_processed=25 frames_dropped=0 drop_rate=0.0 queue_depth=0 queue_depth_max=1 latest_age_ms=19 latest_seq=6056
15:18:05 INFO    [FAILSAFE] telemetry_summary ， accepted=9 batt_v_avg=8.0 last_cmd_age_ms_avg=59.0 detections=11 sent=10
15:18:06 INFO    [FAILSAFE] frame_queue_summary ， frames_received=25 frames_processed=24 frames_dropped=0 drop_rate=0.0 queue_depth=1 queue_depth_max=1
15:18:06 INFO    [FAILSAFE] telemetry_summary ， accepted=10 batt_v_avg=8.0 last_cmd_age_ms_avg=43.5 detections=16 sent=10
15:18:07 INFO    [FAILSAFE] frame_queue_summary ， frames_received=24 frames_processed=25 frames_dropped=0 drop_rate=0.0 queue_depth=0 queue_depth_max=1
15:18:07 INFO    [FAILSAFE] telemetry_summary ， accepted=9 batt_v_avg=8.0 last_cmd_age_ms_avg=67.44 detections=14 sent=10
15:18:08 INFO    [FAILSAFE] frame_queue_summary ， frames_received=25 frames_processed=25 frames_dropped=0 drop_rate=0.0 queue_depth=0 queue_depth_max=1
15:18:08 INFO    [FAILSAFE] telemetry_summary ， accepted=10 batt_v_avg=8.0 last_cmd_age_ms_avg=39.3 detections=11 sent=10
15:18:09 INFO    [FAILSAFE] frame_queue_summary ， frames_received=25 frames_processed=25 frames_dropped=0 drop_rate=0.0 queue_depth=0 queue_depth_max=1 latest_age_ms=16 latest_seq=6155
15:18:09 INFO    [FAILSAFE] telemetry_summary ， accepted=9 batt_v_avg=8.0 last_cmd_age_ms_avg=53.78 detections=15 sent=10
15:18:10 INFO    [FAILSAFE] frame_queue_summary ， frames_received=25 frames_processed=24 frames_dropped=0 drop_rate=0.0 queue_depth=1 queue_depth_max=1
15:18:10 INFO    [FAILSAFE] telemetry_summary ， accepted=9 batt_v_avg=8.0 last_cmd_age_ms_avg=49.22 detections=17 sent=10
15:18:11 INFO    [FAILSAFE] frame_queue_summary ， frames_received=24 frames_processed=25 frames_dropped=0 drop_rate=0.0 queue_depth=0 queue_depth_max=1
15:18:11 INFO    [FAILSAFE] telemetry_summary ， accepted=9 batt_v_avg=8.0 last_cmd_age_ms_avg=47.0 detections=13 sent=10
15:18:12 INFO    [FAILSAFE] frame_queue_summary ， frames_received=25 frames_processed=25 frames_dropped=0 drop_rate=0.0 queue_depth=0 queue_depth_max=1
15:18:12 INFO    [FAILSAFE] telemetry_summary ， accepted=9 batt_v_avg=8.0 last_cmd_age_ms_avg=46.22 detections=15 sent=10
15:18:13 INFO    [FAILSAFE] frame_queue_summary ， frames_received=25 frames_processed=25 frames_dropped=0 drop_rate=0.0 queue_depth=0 queue_depth_max=1 latest_age_ms=27 latest_seq=6254
15:18:13 INFO    [FAILSAFE] telemetry_summary ， accepted=10 batt_v_avg=8.0 last_cmd_age_ms_avg=41.1 detections=14 sent=10
15:18:14 INFO    [FAILSAFE] frame_queue_summary ， frames_received=25 frames_processed=24 frames_dropped=0 drop_rate=0.0 queue_depth=1 queue_depth_max=1
15:18:14 INFO    [FAILSAFE] telemetry_summary ， detections=15 sent=10 accepted=9 batt_v_avg=8.0 last_cmd_age_ms_avg=26.0
15:18:15 INFO    [FAILSAFE] frame_queue_summary ， frames_received=24 frames_processed=25 frames_dropped=0 drop_rate=0.0 queue_depth=0 queue_depth_max=1
15:18:15 INFO    [FAILSAFE] telemetry_summary ， accepted=9 batt_v_avg=8.0 last_cmd_age_ms_avg=34.22 detections=14 sent=10
15:18:16 INFO    [FAILSAFE] frame_queue_summary ， frames_received=25 frames_processed=25 frames_dropped=0 drop_rate=0.0 queue_depth=0 queue_depth_max=1
15:18:16 INFO    [FAILSAFE] telemetry_summary ， accepted=9 batt_v_avg=8.0 last_cmd_age_ms_avg=68.67 detections=15 sent=10
15:18:17 INFO    [FAILSAFE] frame_queue_summary ， frames_received=25 frames_processed=23 frames_dropped=1 drop_rate=0.04 queue_depth=1 queue_depth_max=2
15:18:17 INFO    [FAILSAFE] telemetry_summary ， accepted=10 batt_v_avg=8.0 last_cmd_age_ms_avg=29.8 detections=14 sent=10
15:18:18 INFO    [FAILSAFE] frame_queue_summary ， frames_received=25 frames_processed=25 frames_dropped=0 drop_rate=0.0 queue_depth=1 queue_depth_max=1
15:18:18 INFO    [FAILSAFE] telemetry_summary ， accepted=9 batt_v_avg=8.0 last_cmd_age_ms_avg=41.67 detections=10 sent=10
15:18:19 INFO    [FAILSAFE] frame_queue_summary ， frames_received=24 frames_processed=25 frames_dropped=0 drop_rate=0.0 queue_depth=0 queue_depth_max=1
15:18:19 INFO    [FAILSAFE] telemetry_summary ， accepted=10 batt_v_avg=8.0 last_cmd_age_ms_avg=40.6 detections=16 sent=10
15:18:20 INFO    [FAILSAFE] frame_queue_summary ， frames_received=25 frames_processed=25 frames_dropped=0 drop_rate=0.0 queue_depth=0 queue_depth_max=1 latest_age_ms=15 latest_seq=6427
15:18:20 INFO    [FAILSAFE] telemetry_summary ， accepted=9 batt_v_avg=8.0 last_cmd_age_ms_avg=41.78 detections=11 sent=10
15:18:21 INFO    [FAILSAFE] frame_queue_summary ， frames_received=25 frames_processed=24 frames_dropped=0 drop_rate=0.0 queue_depth=1 queue_depth_max=1
15:18:21 INFO    [FAILSAFE] telemetry_summary ， accepted=9 batt_v_avg=8.0 last_cmd_age_ms_avg=71.56 detections=14 sent=10
15:18:22 INFO    [FAILSAFE] frame_queue_summary ， frames_received=25 frames_processed=25 frames_dropped=0 drop_rate=0.0 queue_depth=1 queue_depth_max=1
15:18:22 INFO    [FAILSAFE] telemetry_summary ， accepted=10 batt_v_avg=8.0 last_cmd_age_ms_avg=34.0 detections=15 sent=10
15:18:23 INFO    [FAILSAFE] frame_queue_summary ， frames_received=24 frames_processed=25 frames_dropped=0 drop_rate=0.0 queue_depth=0 queue_depth_max=1
15:18:23 INFO    [FAILSAFE] telemetry_summary ， accepted=9 batt_v_avg=8.0 last_cmd_age_ms_avg=41.78 detections=14 sent=10
15:18:24 INFO    [FAILSAFE] frame_queue_summary ， frames_received=25 frames_processed=25 frames_dropped=0 drop_rate=0.0 queue_depth=0 queue_depth_max=1 latest_age_ms=13 latest_seq=6526
15:18:24 INFO    [FAILSAFE] telemetry_summary ， accepted=10 batt_v_avg=8.0 last_cmd_age_ms_avg=58.4 detections=18 sent=10
15:18:25 INFO    [FAILSAFE] frame_queue_summary ， frames_received=25 frames_processed=24 frames_dropped=0 drop_rate=0.0 queue_depth=1 queue_depth_max=1
15:18:25 INFO    [FAILSAFE] telemetry_summary ， detections=15 sent=10 accepted=9 batt_v_avg=8.0 last_cmd_age_ms_avg=23.67
15:18:26 INFO    [FAILSAFE] frame_queue_summary ， frames_received=24 frames_processed=25 frames_dropped=0 drop_rate=0.0 queue_depth=0 queue_depth_max=1
15:18:26 INFO    [FAILSAFE] telemetry_summary ， accepted=9 batt_v_avg=8.0 last_cmd_age_ms_avg=45.67 detections=17 sent=10
15:18:27 INFO    [FAILSAFE] frame_queue_summary ， frames_received=25 frames_processed=25 frames_dropped=0 drop_rate=0.0 queue_depth=0 queue_depth_max=1
15:18:27 INFO    [FAILSAFE] telemetry_summary ， accepted=10 batt_v_avg=8.0 last_cmd_age_ms_avg=33.3 detections=17 sent=10
15:18:28 INFO    [FAILSAFE] frame_queue_summary ， frames_received=25 frames_processed=25 frames_dropped=0 drop_rate=0.0 queue_depth=0 queue_depth_max=1 latest_age_ms=1 latest_seq=6625
15:18:28 INFO    [FAILSAFE] telemetry_summary ， accepted=9 batt_v_avg=8.0 last_cmd_age_ms_avg=59.56 detections=15 sent=10
15:18:29 INFO    [FAILSAFE] frame_queue_summary ， frames_received=25 frames_processed=24 frames_dropped=0 drop_rate=0.0 queue_depth=1 queue_depth_max=1
15:18:29 INFO    [FAILSAFE] telemetry_summary ， accepted=9 batt_v_avg=8.0 last_cmd_age_ms_avg=54.89 detections=14 sent=10
15:18:30 INFO    [FAILSAFE] frame_queue_summary ， frames_received=24 frames_processed=25 frames_dropped=0 drop_rate=0.0 queue_depth=0 queue_depth_max=1
15:18:30 INFO    [FAILSAFE] telemetry_summary ， accepted=10 batt_v_avg=8.0 last_cmd_age_ms_avg=34.6 detections=16 sent=10
15:18:31 INFO    [FAILSAFE] frame_queue_summary ， frames_received=25 frames_processed=25 frames_dropped=0 drop_rate=0.0 queue_depth=0 queue_depth_max=1 latest_age_ms=11 latest_seq=6699
15:18:31 INFO    [FAILSAFE] telemetry_summary ， accepted=9 batt_v_avg=8.0 last_cmd_age_ms_avg=45.33 detections=14 sent=10
15:18:32 INFO    [FAILSAFE] frame_queue_summary ， frames_received=25 frames_processed=24 frames_dropped=0 drop_rate=0.0 queue_depth=1 queue_depth_max=1
15:18:32 INFO    [FAILSAFE] telemetry_summary ， accepted=10 batt_v_avg=8.0 last_cmd_age_ms_avg=47.9 detections=19 sent=10
15:18:33 INFO    [FAILSAFE] frame_queue_summary ， frames_received=25 frames_processed=25 frames_dropped=0 drop_rate=0.0 queue_depth=1 queue_depth_max=1
15:18:33 INFO    [FAILSAFE] telemetry_summary ， accepted=9 batt_v_avg=8.0 last_cmd_age_ms_avg=40.22 detections=10 sent=10
15:18:34 INFO    [FAILSAFE] frame_queue_summary ， frames_received=24 frames_processed=25 frames_dropped=0 drop_rate=0.0 queue_depth=0 queue_depth_max=1 latest_age_ms=9 latest_seq=6773
15:18:34 INFO    [FAILSAFE] telemetry_summary ， accepted=10 batt_v_avg=8.0 last_cmd_age_ms_avg=45.7 detections=14 sent=10
15:18:35 INFO    [FAILSAFE] frame_queue_summary ， frames_received=25 frames_processed=24 frames_dropped=0 drop_rate=0.0 queue_depth=1 queue_depth_max=1
15:18:35 INFO    [FAILSAFE] telemetry_summary ， accepted=9 batt_v_avg=8.0 last_cmd_age_ms_avg=31.33 detections=12 sent=10
15:18:36 INFO    [FAILSAFE] frame_queue_summary ， frames_received=25 frames_processed=25 frames_dropped=0 drop_rate=0.0 queue_depth=1 queue_depth_max=1
15:18:36 INFO    [FAILSAFE] telemetry_summary ， accepted=9 batt_v_avg=8.0 last_cmd_age_ms_avg=34.11 detections=19 sent=10
15:18:37 INFO    [FAILSAFE] frame_queue_summary ， frames_received=24 frames_processed=25 frames_dropped=0 drop_rate=0.0 queue_depth=0 queue_depth_max=1
15:18:37 INFO    [FAILSAFE] telemetry_summary ， accepted=9 batt_v_avg=8.0 last_cmd_age_ms_avg=34.22 detections=15 sent=10
15:18:38 INFO    [FAILSAFE] frame_queue_summary ， frames_received=25 frames_processed=25 frames_dropped=0 drop_rate=0.0 queue_depth=0 queue_depth_max=1 latest_age_ms=9 latest_seq=6872
15:18:38 INFO    [FAILSAFE] telemetry_summary ， accepted=9 batt_v_avg=8.0 last_cmd_age_ms_avg=54.0 detections=15 sent=10
15:18:39 INFO    [FAILSAFE] frame_queue_summary ， frames_received=25 frames_processed=24 frames_dropped=0 drop_rate=0.0 queue_depth=1 queue_depth_max=1
15:18:39 INFO    [FAILSAFE] telemetry_summary ， accepted=10 batt_v_avg=8.0 last_cmd_age_ms_avg=30.9 detections=18 sent=10
15:18:40 INFO    [FAILSAFE] frame_queue_summary ， frames_received=25 frames_processed=25 frames_dropped=0 drop_rate=0.0 queue_depth=1 queue_depth_max=1
15:18:40 INFO    [FAILSAFE] telemetry_summary ， accepted=9 batt_v_avg=8.0 last_cmd_age_ms_avg=54.33 detections=15 sent=10
15:18:41 INFO    [FAILSAFE] frame_queue_summary ， frames_received=24 frames_processed=25 frames_dropped=0 drop_rate=0.0 queue_depth=0 queue_depth_max=1
15:18:41 INFO    [FAILSAFE] telemetry_summary ， accepted=10 batt_v_avg=8.0 last_cmd_age_ms_avg=25.2 detections=18 sent=10
15:18:42 INFO    [FAILSAFE] frame_queue_summary ， frames_received=25 frames_processed=24 frames_dropped=0 drop_rate=0.0 queue_depth=1 queue_depth_max=1
15:18:42 INFO    [FAILSAFE] telemetry_summary ， accepted=9 batt_v_avg=8.0 last_cmd_age_ms_avg=48.44 detections=16 sent=10
15:18:43 INFO    [FAILSAFE] frame_queue_summary ， frames_received=25 frames_processed=25 frames_dropped=0 drop_rate=0.0 queue_depth=1 queue_depth_max=1
15:18:43 INFO    [FAILSAFE] telemetry_summary ， accepted=9 batt_v_avg=8.0 last_cmd_age_ms_avg=50.0 detections=16 sent=10
15:18:44 INFO    [FAILSAFE] frame_queue_summary ， frames_received=24 frames_processed=25 frames_dropped=0 drop_rate=0.0 queue_depth=0 queue_depth_max=1
15:18:44 INFO    [FAILSAFE] telemetry_summary ， accepted=9 batt_v_avg=8.0 last_cmd_age_ms_avg=47.33 detections=16 sent=10
15:18:45 INFO    [FAILSAFE] frame_queue_summary ， frames_received=25 frames_processed=25 frames_dropped=0 drop_rate=0.0 queue_depth=0 queue_depth_max=1 latest_age_ms=6 latest_seq=7045
15:18:45 INFO    [FAILSAFE] telemetry_summary ， accepted=10 batt_v_avg=8.0 last_cmd_age_ms_avg=41.5 detections=15 sent=10
15:18:46 INFO    [FAILSAFE] frame_queue_summary ， frames_received=25 frames_processed=24 frames_dropped=0 drop_rate=0.0 queue_depth=1 queue_depth_max=1
15:18:46 INFO    [FAILSAFE] telemetry_summary ， accepted=9 batt_v_avg=8.0 last_cmd_age_ms_avg=26.33 detections=13 sent=10
15:18:47 INFO    [FAILSAFE] frame_queue_summary ， frames_received=25 frames_processed=25 frames_dropped=0 drop_rate=0.0 queue_depth=1 queue_depth_max=1
15:18:47 INFO    [FAILSAFE] telemetry_summary ， accepted=9 batt_v_avg=8.0 last_cmd_age_ms_avg=54.67 detections=16 sent=10
15:18:48 INFO    [FAILSAFE] frame_queue_summary ， frames_received=24 frames_processed=25 frames_dropped=0 drop_rate=0.0 queue_depth=0 queue_depth_max=1 latest_age_ms=14 latest_seq=7119
15:18:48 INFO    [FAILSAFE] telemetry_summary ， accepted=10 batt_v_avg=8.0 last_cmd_age_ms_avg=19.2 detections=15 sent=10
15:18:49 INFO    [FAILSAFE] track_opened ， score=0.508
15:18:49 INFO    [FAILSAFE] frame_queue_summary ， frames_received=25 frames_processed=25 frames_dropped=0 drop_rate=0.0 queue_depth=0 queue_depth_max=1 latest_age_ms=12 latest_seq=7144
15:18:49 INFO    [FAILSAFE] telemetry_summary ， accepted=9 batt_v_avg=8.0 last_cmd_age_ms_avg=51.78 detections=14 sent=10
15:18:50 INFO    [FAILSAFE] frame_queue_summary ， frames_received=25 frames_processed=24 frames_dropped=0 drop_rate=0.0 queue_depth=1 queue_depth_max=1
15:18:50 INFO    [FAILSAFE] telemetry_summary ， accepted=10 batt_v_avg=8.0 last_cmd_age_ms_avg=31.8 detections=20 sent=10
15:18:51 INFO    [FAILSAFE] track_dropped ， reason=lost age_ms=1038
15:18:51 INFO    [FAILSAFE] frame_queue_summary ， frames_received=24 frames_processed=25 frames_dropped=0 drop_rate=0.0 queue_depth=0 queue_depth_max=1
15:18:51 INFO    [FAILSAFE] telemetry_summary ， accepted=9 batt_v_avg=8.0 last_cmd_age_ms_avg=32.67 detections=15 sent=10
15:18:52 INFO    [FAILSAFE] frame_queue_summary ， frames_received=25 frames_processed=24 frames_dropped=0 drop_rate=0.0 queue_depth=1 queue_depth_max=1
15:18:52 INFO    [FAILSAFE] telemetry_summary ， accepted=10 batt_v_avg=8.0 last_cmd_age_ms_avg=50.5 detections=19 sent=10
15:18:53 INFO    [FAILSAFE] frame_queue_summary ， frames_received=25 frames_processed=25 frames_dropped=0 drop_rate=0.0 queue_depth=1 queue_depth_max=1
15:18:53 INFO    [FAILSAFE] telemetry_summary ， accepted=9 batt_v_avg=8.0 last_cmd_age_ms_avg=54.56 detections=10 sent=10
15:18:54 INFO    [FAILSAFE] frame_queue_summary ， frames_received=25 frames_processed=25 frames_dropped=0 drop_rate=0.0 queue_depth=1 queue_depth_max=1
15:18:54 INFO    [FAILSAFE] telemetry_summary ， accepted=10 batt_v_avg=8.0 last_cmd_age_ms_avg=23.5 detections=17 sent=10
15:18:55 INFO    [FAILSAFE] frame_queue_summary ， frames_received=24 frames_processed=25 frames_dropped=0 drop_rate=0.0 queue_depth=0 queue_depth_max=1 latest_age_ms=13 latest_seq=7292
15:18:55 INFO    [FAILSAFE] telemetry_summary ， accepted=9 batt_v_avg=8.0 last_cmd_age_ms_avg=51.33 detections=15 sent=10
15:18:56 INFO    [FAILSAFE] frame_queue_summary ， frames_received=25 frames_processed=24 frames_dropped=0 drop_rate=0.0 queue_depth=1 queue_depth_max=1
15:18:56 INFO    [FAILSAFE] telemetry_summary ， accepted=10 batt_v_avg=8.0 last_cmd_age_ms_avg=36.6 detections=13 sent=10
15:18:57 INFO    [FAILSAFE] frame_queue_summary ， frames_received=25 frames_processed=25 frames_dropped=0 drop_rate=0.0 queue_depth=1 queue_depth_max=1
15:18:57 INFO    [FAILSAFE] telemetry_summary ， accepted=9 batt_v_avg=8.0 last_cmd_age_ms_avg=43.33 detections=15 sent=10
15:18:58 INFO    [FAILSAFE] frame_queue_summary ， frames_received=24 frames_processed=25 frames_dropped=0 drop_rate=0.0 queue_depth=0 queue_depth_max=1 latest_age_ms=15 latest_seq=7366
15:18:58 INFO    [FAILSAFE] telemetry_summary ， accepted=9 batt_v_avg=8.0 last_cmd_age_ms_avg=30.44 detections=14 sent=10
15:18:59 INFO    [FAILSAFE] frame_queue_summary ， frames_received=25 frames_processed=25 frames_dropped=0 drop_rate=0.0 queue_depth=0 queue_depth_max=1 latest_age_ms=13 latest_seq=7391
15:18:59 INFO    [FAILSAFE] telemetry_summary ， accepted=9 batt_v_avg=8.0 last_cmd_age_ms_avg=53.33 detections=12 sent=10
15:19:00 INFO    [FAILSAFE] frame_queue_summary ， frames_received=24 frames_processed=24 frames_dropped=0 drop_rate=0.0 queue_depth=0 queue_depth_max=1
15:19:00 INFO    [FAILSAFE] telemetry_summary ， accepted=10 batt_v_avg=8.0 last_cmd_age_ms_avg=39.5 detections=18 sent=10
15:19:01 INFO    [FAILSAFE] frame_queue_summary ， frames_received=25 frames_processed=25 frames_dropped=0 drop_rate=0.0 queue_depth=0 queue_depth_max=1 latest_age_ms=17 latest_seq=7440
15:19:01 INFO    [FAILSAFE] telemetry_summary ， accepted=9 batt_v_avg=8.0 last_cmd_age_ms_avg=50.89 detections=12 sent=10
15:19:02 INFO    [FAILSAFE] frame_queue_summary ， frames_received=26 frames_processed=25 frames_dropped=0 drop_rate=0.0 queue_depth=1 queue_depth_max=1
15:19:02 INFO    [FAILSAFE] telemetry_summary ， accepted=9 batt_v_avg=8.0 last_cmd_age_ms_avg=50.33 detections=13 sent=10
15:19:03 INFO    [FAILSAFE] frame_queue_summary ， frames_received=23 frames_processed=24 frames_dropped=0 drop_rate=0.0 queue_depth=0 queue_depth_max=1
15:19:03 INFO    [FAILSAFE] telemetry_summary ， accepted=9 batt_v_avg=8.0 last_cmd_age_ms_avg=62.33 detections=15 sent=10
15:19:04 INFO    [FAILSAFE] frame_queue_summary ， frames_received=26 frames_processed=25 frames_dropped=0 drop_rate=0.0 queue_depth=1 queue_depth_max=1
15:19:04 INFO    [FAILSAFE] telemetry_summary ， accepted=10 batt_v_avg=8.0 last_cmd_age_ms_avg=14.1 detections=14 sent=10
15:19:05 INFO    [FAILSAFE] frame_queue_summary ， frames_received=25 frames_processed=25 frames_dropped=0 drop_rate=0.0 queue_depth=1 queue_depth_max=1
15:19:05 INFO    [FAILSAFE] telemetry_summary ， accepted=9 batt_v_avg=8.0 last_cmd_age_ms_avg=44.67 detections=16 sent=10
15:19:06 INFO    [FAILSAFE] frame_queue_summary ， frames_received=24 frames_processed=25 frames_dropped=0 drop_rate=0.0 queue_depth=0 queue_depth_max=1 latest_age_ms=4 latest_seq=7564
15:19:06 INFO    [FAILSAFE] telemetry_summary ， accepted=9 batt_v_avg=8.0 last_cmd_age_ms_avg=44.0 detections=12 sent=10
15:19:07 INFO    [FAILSAFE] frame_queue_summary ， frames_received=25 frames_processed=24 frames_dropped=0 drop_rate=0.0 queue_depth=1 queue_depth_max=1
15:19:07 INFO    [FAILSAFE] telemetry_summary ， accepted=10 batt_v_avg=8.0 last_cmd_age_ms_avg=41.1 detections=18 sent=10
15:19:08 INFO    [FAILSAFE] frame_queue_summary ， frames_received=24 frames_processed=25 frames_dropped=0 drop_rate=0.0 queue_depth=0 queue_depth_max=1 latest_age_ms=24 latest_seq=7613
15:19:08 INFO    [FAILSAFE] telemetry_summary ， accepted=9 batt_v_avg=8.0 last_cmd_age_ms_avg=28.44 detections=13 sent=10
15:19:09 INFO    [FAILSAFE] frame_queue_summary ， frames_received=26 frames_processed=25 frames_dropped=0 drop_rate=0.0 queue_depth=1 queue_depth_max=1
15:19:09 INFO    [FAILSAFE] telemetry_summary ， accepted=9 batt_v_avg=8.0 last_cmd_age_ms_avg=33.89 detections=12 sent=10
15:19:10 INFO    [FAILSAFE] frame_queue_summary ， frames_received=24 frames_processed=25 frames_dropped=0 drop_rate=0.0 queue_depth=0 queue_depth_max=1 latest_age_ms=4 latest_seq=7663
15:19:10 INFO    [FAILSAFE] telemetry_summary ， accepted=9 batt_v_avg=8.0 last_cmd_age_ms_avg=20.0 detections=13 sent=10
15:19:11 INFO    [FAILSAFE] frame_queue_summary ， frames_received=24 frames_processed=24 frames_dropped=0 drop_rate=0.0 queue_depth=0 queue_depth_max=1
15:19:11 INFO    [FAILSAFE] telemetry_summary ， accepted=9 batt_v_avg=8.0 last_cmd_age_ms_avg=51.33 detections=15 sent=10
15:19:12 INFO    [FAILSAFE] frame_queue_summary ， frames_received=25 frames_processed=25 frames_dropped=0 drop_rate=0.0 queue_depth=0 queue_depth_max=1 latest_age_ms=24 latest_seq=7712
15:19:12 INFO    [FAILSAFE] telemetry_summary ， accepted=10 batt_v_avg=8.0 last_cmd_age_ms_avg=35.0 detections=19 sent=10
15:19:13 INFO    [FAILSAFE] track_opened ， score=0.509
15:19:13 INFO    [FAILSAFE] frame_queue_summary ， frames_received=26 frames_processed=25 frames_dropped=0 drop_rate=0.0 queue_depth=1 queue_depth_max=1
15:19:13 INFO    [FAILSAFE] telemetry_summary ， accepted=9 batt_v_avg=8.0 last_cmd_age_ms_avg=60.33 detections=13 sent=10
15:19:14 INFO    [FAILSAFE] track_dropped ， reason=lost age_ms=1008
15:19:14 INFO    [FAILSAFE] frame_queue_summary ， frames_received=24 frames_processed=24 frames_dropped=0 drop_rate=0.0 queue_depth=1 queue_depth_max=1
15:19:14 INFO    [FAILSAFE] telemetry_summary ， accepted=9 batt_v_avg=8.0 last_cmd_age_ms_avg=46.44 detections=13 sent=10
15:19:15 INFO    [FAILSAFE] frame_queue_summary ， frames_received=25 frames_processed=25 frames_dropped=0 drop_rate=0.0 queue_depth=1 queue_depth_max=1
15:19:15 INFO    [FAILSAFE] telemetry_summary ， accepted=10 batt_v_avg=8.0 last_cmd_age_ms_avg=23.0 detections=15 sent=10
15:19:16 INFO    [FAILSAFE] track_opened ， score=0.511
15:19:16 INFO    [FAILSAFE] frame_queue_summary ， frames_received=24 frames_processed=25 frames_dropped=0 drop_rate=0.0 queue_depth=0 queue_depth_max=1 latest_age_ms=27 latest_seq=7811
15:19:16 INFO    [FAILSAFE] telemetry_summary ， accepted=9 batt_v_avg=8.0 last_cmd_age_ms_avg=39.11 detections=18 sent=10
15:19:17 INFO    [FAILSAFE] frame_queue_summary ， frames_received=25 frames_processed=25 frames_dropped=0 drop_rate=0.0 queue_depth=0 queue_depth_max=1 latest_age_ms=12 latest_seq=7836
15:19:17 INFO    [FAILSAFE] telemetry_summary ， accepted=10 batt_v_avg=8.0 last_cmd_age_ms_avg=26.0 detections=17 sent=10
15:19:17 INFO    [FAILSAFE] track_dropped ， reason=lost age_ms=1044
15:19:17 INFO    [FAILSAFE] track_opened ， score=0.515
15:19:18 INFO    [FAILSAFE] frame_queue_summary ， frames_received=25 frames_processed=24 frames_dropped=0 drop_rate=0.0 queue_depth=1 queue_depth_max=1
15:19:18 INFO    [FAILSAFE] telemetry_summary ， accepted=9 batt_v_avg=8.0 last_cmd_age_ms_avg=57.11 detections=16 sent=10
15:19:18 INFO    [FAILSAFE] track_dropped ， reason=lost age_ms=1005
15:19:19 INFO    [FAILSAFE] frame_queue_summary ， frames_received=24 frames_processed=25 frames_dropped=0 drop_rate=0.0 queue_depth=0 queue_depth_max=1
15:19:19 INFO    [FAILSAFE] telemetry_summary ， accepted=10 batt_v_avg=8.0 last_cmd_age_ms_avg=30.2 detections=18 sent=10
15:19:20 INFO    [FAILSAFE] frame_queue_summary ， frames_received=26 frames_processed=25 frames_dropped=0 drop_rate=0.0 queue_depth=1 queue_depth_max=1
15:19:20 INFO    [FAILSAFE] telemetry_summary ， accepted=9 batt_v_avg=8.0 last_cmd_age_ms_avg=39.33 detections=16 sent=10
15:19:21 INFO    [FAILSAFE] frame_queue_summary ， frames_received=24 frames_processed=25 frames_dropped=0 drop_rate=0.0 queue_depth=0 queue_depth_max=1 latest_age_ms=6 latest_seq=7935
15:19:21 INFO    [FAILSAFE] telemetry_summary ， accepted=10 batt_v_avg=8.0 last_cmd_age_ms_avg=57.6 detections=17 sent=10
15:19:22 INFO    [FAILSAFE] frame_queue_summary ， frames_received=25 frames_processed=24 frames_dropped=0 drop_rate=0.0 queue_depth=1 queue_depth_max=1
15:19:22 INFO    [FAILSAFE] telemetry_summary ， accepted=9 batt_v_avg=8.0 last_cmd_age_ms_avg=36.11 detections=15 sent=10
15:19:23 INFO    [FAILSAFE] frame_queue_summary ， frames_received=24 frames_processed=25 frames_dropped=0 drop_rate=0.0 queue_depth=0 queue_depth_max=1
15:19:23 INFO    [FAILSAFE] telemetry_summary ， accepted=9 batt_v_avg=8.0 last_cmd_age_ms_avg=39.56 detections=12 sent=10
15:19:24 INFO    [FAILSAFE] frame_queue_summary ， frames_received=25 frames_processed=25 frames_dropped=0 drop_rate=0.0 queue_depth=0 queue_depth_max=1 latest_age_ms=21 latest_seq=8009
15:19:24 INFO    [FAILSAFE] telemetry_summary ， accepted=9 batt_v_avg=8.0 last_cmd_age_ms_avg=60.56 detections=17 sent=10
15:19:25 INFO    [FAILSAFE] frame_queue_summary ， frames_received=25 frames_processed=25 frames_dropped=0 drop_rate=0.0 queue_depth=0 queue_depth_max=1 latest_age_ms=6 latest_seq=8034
15:19:25 INFO    [FAILSAFE] telemetry_summary ， accepted=9 batt_v_avg=8.0 last_cmd_age_ms_avg=35.67 detections=17 sent=10
15:19:26 INFO    [FAILSAFE] frame_queue_summary ， frames_received=24 frames_processed=24 frames_dropped=0 drop_rate=0.0 queue_depth=0 queue_depth_max=1
15:19:26 INFO    [FAILSAFE] telemetry_summary ， accepted=9 batt_v_avg=8.0 last_cmd_age_ms_avg=52.56 detections=17 sent=10
15:19:27 INFO    [FAILSAFE] frame_queue_summary ， frames_received=25 frames_processed=25 frames_dropped=0 drop_rate=0.0 queue_depth=0 queue_depth_max=1
15:19:27 INFO    [FAILSAFE] telemetry_summary ， accepted=10 batt_v_avg=8.0 last_cmd_age_ms_avg=29.1 detections=12 sent=10
15:19:28 INFO    [FAILSAFE] frame_queue_summary ， frames_received=25 frames_processed=25 frames_dropped=0 drop_rate=0.0 queue_depth=0 queue_depth_max=1 latest_age_ms=22 latest_seq=8108
15:19:28 INFO    [FAILSAFE] telemetry_summary ， accepted=10 batt_v_avg=8.0 last_cmd_age_ms_avg=56.4 detections=18 sent=10
15:19:29 INFO    [FAILSAFE] frame_queue_summary ， frames_received=25 frames_processed=24 frames_dropped=0 drop_rate=0.0 queue_depth=1 queue_depth_max=1
15:19:29 INFO    [FAILSAFE] telemetry_summary ， accepted=9 batt_v_avg=8.0 last_cmd_age_ms_avg=34.22 detections=11 sent=10
15:19:30 INFO    [FAILSAFE] frame_queue_summary ， frames_received=24 frames_processed=25 frames_dropped=0 drop_rate=0.0 queue_depth=0 queue_depth_max=1
15:19:30 INFO    [FAILSAFE] telemetry_summary ， accepted=9 batt_v_avg=8.0 last_cmd_age_ms_avg=51.0 detections=13 sent=10
15:19:31 INFO    [FAILSAFE] frame_queue_summary ， frames_received=25 frames_processed=25 frames_dropped=0 drop_rate=0.0 queue_depth=0 queue_depth_max=1
15:19:31 INFO    [FAILSAFE] telemetry_summary ， accepted=10 batt_v_avg=8.0 last_cmd_age_ms_avg=22.9 detections=16 sent=10
15:19:32 INFO    [FAILSAFE] frame_queue_summary ， frames_received=25 frames_processed=25 frames_dropped=0 drop_rate=0.0 queue_depth=0 queue_depth_max=1 latest_age_ms=13 latest_seq=8207
15:19:32 INFO    [FAILSAFE] telemetry_summary ， accepted=9 batt_v_avg=8.0 last_cmd_age_ms_avg=64.22 detections=16 sent=10
15:19:33 INFO    [FAILSAFE] frame_queue_summary ， frames_received=25 frames_processed=25 frames_dropped=0 drop_rate=0.0 queue_depth=0 queue_depth_max=1 latest_age_ms=17 latest_seq=8232
15:19:33 INFO    [FAILSAFE] telemetry_summary ， accepted=10 batt_v_avg=8.0 last_cmd_age_ms_avg=38.1 detections=17 sent=10
15:19:34 INFO    [FAILSAFE] frame_queue_summary ， frames_received=25 frames_processed=24 frames_dropped=0 drop_rate=0.0 queue_depth=1 queue_depth_max=1
15:19:34 INFO    [FAILSAFE] telemetry_summary ， accepted=9 batt_v_avg=8.0 last_cmd_age_ms_avg=49.0 detections=16 sent=10
15:19:35 INFO    [FAILSAFE] frame_queue_summary ， frames_received=24 frames_processed=25 frames_dropped=0 drop_rate=0.0 queue_depth=0 queue_depth_max=1
15:19:35 INFO    [FAILSAFE] telemetry_summary ， accepted=9 batt_v_avg=8.0 last_cmd_age_ms_avg=44.89 detections=16 sent=10
15:19:36 INFO    [FAILSAFE] frame_queue_summary ， frames_received=25 frames_processed=25 frames_dropped=0 drop_rate=0.0 queue_depth=0 queue_depth_max=1
15:19:36 INFO    [FAILSAFE] telemetry_summary ， accepted=10 batt_v_avg=8.0 last_cmd_age_ms_avg=53.4 detections=16 sent=10
15:19:37 INFO    [FAILSAFE] frame_queue_summary ， frames_received=25 frames_processed=25 frames_dropped=0 drop_rate=0.0 queue_depth=0 queue_depth_max=1 latest_age_ms=14 latest_seq=8331
15:19:37 INFO    [FAILSAFE] telemetry_summary ， accepted=9 batt_v_avg=8.0 last_cmd_age_ms_avg=35.33 detections=14 sent=10
15:19:38 INFO    [FAILSAFE] frame_queue_summary ， frames_received=25 frames_processed=24 frames_dropped=0 drop_rate=0.0 queue_depth=1 queue_depth_max=1
15:19:38 INFO    [FAILSAFE] telemetry_summary ， accepted=9 batt_v_avg=8.0 last_cmd_age_ms_avg=49.78 detections=15 sent=10
15:19:39 INFO    [FAILSAFE] frame_queue_summary ， frames_received=24 frames_processed=25 frames_dropped=0 drop_rate=0.0 queue_depth=0 queue_depth_max=1
15:19:39 INFO    [FAILSAFE] telemetry_summary ， detections=16 sent=10 accepted=9 batt_v_avg=8.0 last_cmd_age_ms_avg=23.56
15:19:40 INFO    [FAILSAFE] frame_queue_summary ， frames_received=25 frames_processed=25 frames_dropped=0 drop_rate=0.0 queue_depth=0 queue_depth_max=1
15:19:40 INFO    [FAILSAFE] telemetry_summary ， accepted=9 batt_v_avg=8.0 last_cmd_age_ms_avg=56.67 detections=14 sent=10
15:19:41 INFO    [FAILSAFE] frame_queue_summary ， frames_received=25 frames_processed=25 frames_dropped=0 drop_rate=0.0 queue_depth=0 queue_depth_max=1 latest_age_ms=15 latest_seq=8430
15:19:41 INFO    [FAILSAFE] telemetry_summary ， accepted=10 batt_v_avg=8.0 last_cmd_age_ms_avg=32.0 detections=17 sent=10
15:19:42 INFO    [FAILSAFE] frame_queue_summary ， frames_received=25 frames_processed=24 frames_dropped=0 drop_rate=0.0 queue_depth=1 queue_depth_max=1
15:19:42 INFO    [FAILSAFE] telemetry_summary ， accepted=9 batt_v_avg=8.0 last_cmd_age_ms_avg=36.78 detections=11 sent=10
15:19:43 INFO    [FAILSAFE] frame_queue_summary ， frames_received=24 frames_processed=25 frames_dropped=0 drop_rate=0.0 queue_depth=0 queue_depth_max=1
15:19:43 INFO    [FAILSAFE] telemetry_summary ， accepted=10 batt_v_avg=8.0 last_cmd_age_ms_avg=45.1 detections=19 sent=10
15:19:44 INFO    [FAILSAFE] frame_queue_summary ， frames_received=25 frames_processed=25 frames_dropped=0 drop_rate=0.0 queue_depth=0 queue_depth_max=1
15:19:44 INFO    [FAILSAFE] telemetry_summary ， accepted=9 batt_v_avg=8.0 last_cmd_age_ms_avg=46.78 detections=14 sent=10
15:19:45 INFO    [FAILSAFE] frame_queue_summary ， frames_received=25 frames_processed=25 frames_dropped=0 drop_rate=0.0 queue_depth=0 queue_depth_max=1 latest_age_ms=14 latest_seq=8529
15:19:45 INFO    [FAILSAFE] telemetry_summary ， accepted=9 batt_v_avg=8.0 last_cmd_age_ms_avg=58.56 detections=16 sent=10
15:19:46 INFO    [FAILSAFE] frame_queue_summary ， frames_received=25 frames_processed=25 frames_dropped=0 drop_rate=0.0 queue_depth=0 queue_depth_max=1 latest_age_ms=17 latest_seq=8554
15:19:46 INFO    [FAILSAFE] telemetry_summary ， accepted=10 batt_v_avg=8.0 last_cmd_age_ms_avg=34.1 detections=17 sent=10
15:19:47 INFO    [FAILSAFE] frame_queue_summary ， frames_received=25 frames_processed=24 frames_dropped=0 drop_rate=0.0 queue_depth=1 queue_depth_max=1
15:19:47 INFO    [FAILSAFE] telemetry_summary ， accepted=9 batt_v_avg=8.0 last_cmd_age_ms_avg=71.11 detections=13 sent=10
15:19:48 INFO    [FAILSAFE] frame_queue_summary ， frames_received=24 frames_processed=25 frames_dropped=0 drop_rate=0.0 queue_depth=0 queue_depth_max=1
15:19:48 INFO    [FAILSAFE] telemetry_summary ， accepted=10 batt_v_avg=8.0 last_cmd_age_ms_avg=26.7 detections=17 sent=10
15:19:49 INFO    [FAILSAFE] frame_queue_summary ， frames_received=25 frames_processed=25 frames_dropped=0 drop_rate=0.0 queue_depth=0 queue_depth_max=1 latest_age_ms=13 latest_seq=8628
15:19:49 INFO    [FAILSAFE] telemetry_summary ， accepted=10 batt_v_avg=8.0 last_cmd_age_ms_avg=61.9 detections=17 sent=10
15:19:50 INFO    [FAILSAFE] frame_queue_summary ， frames_received=25 frames_processed=24 frames_dropped=0 drop_rate=0.0 queue_depth=1 queue_depth_max=1
15:19:50 INFO    [FAILSAFE] telemetry_summary ， accepted=9 batt_v_avg=8.0 last_cmd_age_ms_avg=39.89 detections=12 sent=10
15:19:51 INFO    [FAILSAFE] frame_queue_summary ， frames_received=25 frames_processed=25 frames_dropped=0 drop_rate=0.0 queue_depth=1 queue_depth_max=1
15:19:51 INFO    [FAILSAFE] telemetry_summary ， accepted=10 batt_v_avg=8.0 last_cmd_age_ms_avg=43.4 detections=18 sent=10
15:19:52 INFO    [FAILSAFE] frame_queue_summary ， frames_received=24 frames_processed=25 frames_dropped=0 drop_rate=0.0 queue_depth=0 queue_depth_max=1
15:19:52 INFO    [FAILSAFE] telemetry_summary ， accepted=9 batt_v_avg=8.0 last_cmd_age_ms_avg=39.44 detections=13 sent=10
15:19:53 INFO    [FAILSAFE] frame_queue_summary ， frames_received=25 frames_processed=25 frames_dropped=0 drop_rate=0.0 queue_depth=0 queue_depth_max=1 latest_age_ms=28 latest_seq=8727
15:19:53 INFO    [FAILSAFE] telemetry_summary ， accepted=8 batt_v_avg=8.0 last_cmd_age_ms_avg=32.0 detections=17 sent=10
15:19:54 INFO    [FAILSAFE] frame_queue_summary ， frames_received=25 frames_processed=24 frames_dropped=0 drop_rate=0.0 queue_depth=1 queue_depth_max=1
15:19:54 INFO    [FAILSAFE] telemetry_summary ， accepted=10 batt_v_avg=8.0 last_cmd_age_ms_avg=44.9 detections=18 sent=10
15:19:55 INFO    [FAILSAFE] frame_queue_summary ， frames_received=24 frames_processed=25 frames_dropped=0 drop_rate=0.0 queue_depth=0 queue_depth_max=1
15:19:55 INFO    [FAILSAFE] telemetry_summary ， accepted=9 batt_v_avg=8.0 last_cmd_age_ms_avg=27.33 detections=14 sent=10
15:19:56 INFO    [FAILSAFE] frame_queue_summary ， frames_received=25 frames_processed=25 frames_dropped=0 drop_rate=0.0 queue_depth=0 queue_depth_max=1 latest_age_ms=15 latest_seq=8801
15:19:56 INFO    [FAILSAFE] telemetry_summary ， accepted=9 batt_v_avg=8.0 last_cmd_age_ms_avg=61.67 detections=15 sent=10
15:19:57 INFO    [FAILSAFE] frame_queue_summary ， frames_received=25 frames_processed=25 frames_dropped=0 drop_rate=0.0 queue_depth=0 queue_depth_max=1 latest_age_ms=3 latest_seq=8826
15:19:57 INFO    [FAILSAFE] telemetry_summary ， accepted=10 batt_v_avg=8.0 last_cmd_age_ms_avg=24.2 detections=16 sent=10
15:19:58 INFO    [FAILSAFE] frame_queue_summary ， frames_received=25 frames_processed=24 frames_dropped=0 drop_rate=0.0 queue_depth=1 queue_depth_max=1
15:19:58 INFO    [FAILSAFE] telemetry_summary ， accepted=9 batt_v_avg=8.0 last_cmd_age_ms_avg=53.56 detections=13 sent=10
15:19:59 INFO    [FAILSAFE] frame_queue_summary ， frames_received=25 frames_processed=25 frames_dropped=0 drop_rate=0.0 queue_depth=1 queue_depth_max=1
15:19:59 INFO    [FAILSAFE] telemetry_summary ， accepted=9 batt_v_avg=8.0 last_cmd_age_ms_avg=80.67 detections=14 sent=10
15:20:00 INFO    [FAILSAFE] frame_queue_summary ， frames_received=24 frames_processed=25 frames_dropped=0 drop_rate=0.0 queue_depth=0 queue_depth_max=1
15:20:00 INFO    [FAILSAFE] telemetry_summary ， accepted=10 batt_v_avg=8.0 last_cmd_age_ms_avg=12.0 detections=13 sent=10
15:20:01 INFO    [FAILSAFE] frame_queue_summary ， frames_received=25 frames_processed=25 frames_dropped=0 drop_rate=0.0 queue_depth=0 queue_depth_max=1 latest_age_ms=9 latest_seq=8925
15:20:01 INFO    [FAILSAFE] telemetry_summary ， accepted=9 batt_v_avg=8.0 last_cmd_age_ms_avg=62.33 detections=16 sent=10
15:20:02 INFO    [FAILSAFE] frame_queue_summary ， frames_received=25 frames_processed=24 frames_dropped=0 drop_rate=0.0 queue_depth=1 queue_depth_max=1
15:20:02 INFO    [FAILSAFE] telemetry_summary ， accepted=10 batt_v_avg=8.0 last_cmd_age_ms_avg=26.7 detections=15 sent=10
15:20:03 INFO    [FAILSAFE] frame_queue_summary ， frames_received=25 frames_processed=25 frames_dropped=0 drop_rate=0.0 queue_depth=1 queue_depth_max=1
15:20:03 INFO    [FAILSAFE] telemetry_summary ， accepted=10 batt_v_avg=8.0 last_cmd_age_ms_avg=50.7 detections=18 sent=10
15:20:04 INFO    [FAILSAFE] frame_queue_summary ， frames_received=24 frames_processed=25 frames_dropped=0 drop_rate=0.0 queue_depth=0 queue_depth_max=1
15:20:04 INFO    [FAILSAFE] telemetry_summary ， accepted=9 batt_v_avg=8.0 last_cmd_age_ms_avg=50.0 detections=12 sent=10
15:20:05 INFO    [FAILSAFE] frame_queue_summary ， frames_received=25 frames_processed=25 frames_dropped=0 drop_rate=0.0 queue_depth=0 queue_depth_max=1 latest_age_ms=6 latest_seq=9024
15:20:05 INFO    [FAILSAFE] telemetry_summary ， accepted=9 batt_v_avg=8.0 last_cmd_age_ms_avg=44.56 detections=12 sent=10
15:20:06 INFO    [FAILSAFE] frame_queue_summary ， frames_received=25 frames_processed=24 frames_dropped=0 drop_rate=0.0 queue_depth=1 queue_depth_max=1
15:20:06 INFO    [FAILSAFE] telemetry_summary ， accepted=9 batt_v_avg=8.0 last_cmd_age_ms_avg=25.56 detections=16 sent=10
15:20:07 INFO    [FAILSAFE] frame_queue_summary ， frames_received=25 frames_processed=25 frames_dropped=0 drop_rate=0.0 queue_depth=1 queue_depth_max=1
15:20:07 INFO    [FAILSAFE] telemetry_summary ， accepted=10 batt_v_avg=8.0 last_cmd_age_ms_avg=60.4 detections=15 sent=10
15:20:08 INFO    [FAILSAFE] frame_queue_summary ， frames_received=24 frames_processed=25 frames_dropped=0 drop_rate=0.0 queue_depth=0 queue_depth_max=1 latest_age_ms=13 latest_seq=9098
15:20:08 INFO    [FAILSAFE] telemetry_summary ， detections=16 sent=10 accepted=9 batt_v_avg=8.0 last_cmd_age_ms_avg=28.33
15:20:09 INFO    [FAILSAFE] frame_queue_summary ， frames_received=25 frames_processed=25 frames_dropped=0 drop_rate=0.0 queue_depth=0 queue_depth_max=1
15:20:09 INFO    [FAILSAFE] telemetry_summary ， accepted=9 batt_v_avg=8.0 last_cmd_age_ms_avg=54.89 detections=13 sent=10
15:20:10 INFO    [FAILSAFE] frame_queue_summary ， frames_received=25 frames_processed=24 frames_dropped=0 drop_rate=0.0 queue_depth=1 queue_depth_max=1
15:20:10 INFO    [FAILSAFE] telemetry_summary ， accepted=10 batt_v_avg=8.0 last_cmd_age_ms_avg=58.0 detections=14 sent=10
15:20:11 INFO    [FAILSAFE] frame_queue_summary ， frames_received=25 frames_processed=25 frames_dropped=0 drop_rate=0.0 queue_depth=1 queue_depth_max=1
15:20:11 INFO    [FAILSAFE] telemetry_summary ， detections=16 sent=10 accepted=9 batt_v_avg=8.0 last_cmd_age_ms_avg=36.0
15:20:12 INFO    [FAILSAFE] frame_queue_summary ， frames_received=24 frames_processed=25 frames_dropped=0 drop_rate=0.0 queue_depth=0 queue_depth_max=1 latest_age_ms=12 latest_seq=9197
15:20:12 INFO    [FAILSAFE] telemetry_summary ， accepted=9 batt_v_avg=8.0 last_cmd_age_ms_avg=41.33 detections=14 sent=10
15:20:13 INFO    [FAILSAFE] frame_queue_summary ， frames_received=25 frames_processed=24 frames_dropped=0 drop_rate=0.0 queue_depth=1 queue_depth_max=1
15:20:13 INFO    [FAILSAFE] telemetry_summary ， accepted=10 batt_v_avg=8.0 last_cmd_age_ms_avg=56.3 detections=16 sent=10
15:20:14 INFO    [FAILSAFE] frame_queue_summary ， frames_received=25 frames_processed=25 frames_dropped=0 drop_rate=0.0 queue_depth=1 queue_depth_max=1
15:20:14 INFO    [FAILSAFE] telemetry_summary ， accepted=9 batt_v_avg=8.0 last_cmd_age_ms_avg=44.67 detections=14 sent=10
15:20:15 INFO    [FAILSAFE] frame_queue_summary ， frames_received=25 frames_processed=25 frames_dropped=0 drop_rate=0.0 queue_depth=1 queue_depth_max=1
15:20:15 INFO    [FAILSAFE] telemetry_summary ， accepted=9 batt_v_avg=8.0 last_cmd_age_ms_avg=64.44 detections=15 sent=10
15:20:16 INFO    [FAILSAFE] frame_queue_summary ， frames_received=24 frames_processed=25 frames_dropped=0 drop_rate=0.0 queue_depth=0 queue_depth_max=1 latest_age_ms=11 latest_seq=9296
15:20:16 INFO    [FAILSAFE] telemetry_summary ， accepted=10 batt_v_avg=8.0 last_cmd_age_ms_avg=31.5 detections=16 sent=10
15:20:17 INFO    [FAILSAFE] frame_queue_summary ， frames_received=25 frames_processed=24 frames_dropped=0 drop_rate=0.0 queue_depth=1 queue_depth_max=1
15:20:17 INFO    [FAILSAFE] telemetry_summary ， accepted=9 batt_v_avg=8.0 last_cmd_age_ms_avg=46.33 detections=14 sent=10
15:20:18 INFO    [FAILSAFE] frame_queue_summary ， frames_received=25 frames_processed=25 frames_dropped=0 drop_rate=0.0 queue_depth=1 queue_depth_max=1
15:20:18 INFO    [FAILSAFE] telemetry_summary ， accepted=10 batt_v_avg=8.0 last_cmd_age_ms_avg=46.3 detections=16 sent=10
15:20:19 INFO    [FAILSAFE] frame_queue_summary ， frames_received=24 frames_processed=25 frames_dropped=0 drop_rate=0.0 queue_depth=0 queue_depth_max=1
15:20:19 INFO    [FAILSAFE] telemetry_summary ， accepted=9 batt_v_avg=8.0 last_cmd_age_ms_avg=49.0 detections=17 sent=10
15:20:20 INFO    [FAILSAFE] frame_queue_summary ， frames_received=24 frames_processed=24 frames_dropped=0 drop_rate=0.0 queue_depth=0 queue_depth_max=1
15:20:20 INFO    [FAILSAFE] telemetry_summary ， accepted=9 batt_v_avg=8.0 last_cmd_age_ms_avg=38.44 detections=12 sent=10
15:20:20 INFO    [FAILSAFE] track_opened ， score=0.512
15:20:21 INFO    [FAILSAFE] frame_queue_summary ， frames_received=26 frames_processed=25 frames_dropped=0 drop_rate=0.0 queue_depth=1 queue_depth_max=1
15:20:21 INFO    [FAILSAFE] telemetry_summary ， accepted=10 batt_v_avg=8.0 last_cmd_age_ms_avg=50.1 detections=19 sent=10
15:20:22 INFO    [FAILSAFE] frame_queue_summary ， frames_received=25 frames_processed=25 frames_dropped=0 drop_rate=0.0 queue_depth=1 queue_depth_max=1
15:20:22 INFO    [FAILSAFE] telemetry_summary ， detections=17 sent=10 accepted=9 batt_v_avg=8.0 last_cmd_age_ms_avg=25.0
15:20:23 INFO    [FAILSAFE] track_dropped ， reason=lost age_ms=1017
15:20:23 INFO    [FAILSAFE] frame_queue_summary ， frames_received=25 frames_processed=25 frames_dropped=0 drop_rate=0.0 queue_depth=1 queue_depth_max=1
15:20:23 INFO    [FAILSAFE] telemetry_summary ， accepted=10 batt_v_avg=8.0 last_cmd_age_ms_avg=49.0 detections=19 sent=10
15:20:24 INFO    [FAILSAFE] frame_queue_summary ， frames_received=24 frames_processed=25 frames_dropped=0 drop_rate=0.0 queue_depth=0 queue_depth_max=1 latest_age_ms=7 latest_seq=9494
15:20:24 INFO    [FAILSAFE] telemetry_summary ， accepted=9 batt_v_avg=8.0 last_cmd_age_ms_avg=54.67 detections=14 sent=10
15:20:25 INFO    [FAILSAFE] frame_queue_summary ， frames_received=25 frames_processed=24 frames_dropped=0 drop_rate=0.0 queue_depth=1 queue_depth_max=1
15:20:25 INFO    [FAILSAFE] telemetry_summary ， accepted=10 batt_v_avg=8.0 last_cmd_age_ms_avg=26.9 detections=17 sent=10
15:20:26 INFO    [FAILSAFE] frame_queue_summary ， frames_received=25 frames_processed=25 frames_dropped=0 drop_rate=0.0 queue_depth=1 queue_depth_max=1
15:20:26 INFO    [FAILSAFE] telemetry_summary ， accepted=10 batt_v_avg=8.0 last_cmd_age_ms_avg=61.0 detections=11 sent=10
15:20:27 INFO    [FAILSAFE] frame_queue_summary ， frames_received=24 frames_processed=25 frames_dropped=0 drop_rate=0.0 queue_depth=0 queue_depth_max=1 latest_age_ms=13 latest_seq=9568
15:20:27 INFO    [FAILSAFE] telemetry_summary ， accepted=9 batt_v_avg=8.0 last_cmd_age_ms_avg=57.22 detections=13 sent=10
15:20:28 INFO    [FAILSAFE] frame_queue_summary ， frames_received=25 frames_processed=24 frames_dropped=0 drop_rate=0.0 queue_depth=1 queue_depth_max=1
15:20:28 INFO    [FAILSAFE] telemetry_summary ， accepted=9 batt_v_avg=8.0 last_cmd_age_ms_avg=45.33 detections=15 sent=10
15:20:29 INFO    [FAILSAFE] frame_queue_summary ， frames_received=25 frames_processed=25 frames_dropped=0 drop_rate=0.0 queue_depth=1 queue_depth_max=1
15:20:29 INFO    [FAILSAFE] telemetry_summary ， accepted=10 batt_v_avg=8.0 last_cmd_age_ms_avg=48.2 detections=17 sent=10
15:20:30 INFO    [FAILSAFE] frame_queue_summary ， frames_received=25 frames_processed=24 frames_dropped=1 drop_rate=0.04 queue_depth=1 queue_depth_max=2
15:20:30 INFO    [FAILSAFE] telemetry_summary ， accepted=9 batt_v_avg=8.0 last_cmd_age_ms_avg=35.56 detections=12 sent=10
15:20:31 INFO    [FAILSAFE] frame_queue_summary ， frames_received=24 frames_processed=25 frames_dropped=0 drop_rate=0.0 queue_depth=0 queue_depth_max=1 latest_age_ms=6 latest_seq=9667
15:20:31 INFO    [FAILSAFE] telemetry_summary ， accepted=9 batt_v_avg=8.0 last_cmd_age_ms_avg=50.67 detections=12 sent=10
15:20:32 INFO    [FAILSAFE] frame_queue_summary ， frames_received=25 frames_processed=24 frames_dropped=0 drop_rate=0.0 queue_depth=1 queue_depth_max=1
15:20:32 INFO    [FAILSAFE] telemetry_summary ， accepted=10 batt_v_avg=8.0 last_cmd_age_ms_avg=48.5 detections=18 sent=10
15:20:33 INFO    [FAILSAFE] frame_queue_summary ， frames_received=24 frames_processed=25 frames_dropped=0 drop_rate=0.0 queue_depth=0 queue_depth_max=1 latest_age_ms=22 latest_seq=9716
15:20:33 INFO    [FAILSAFE] telemetry_summary ， accepted=9 batt_v_avg=8.0 last_cmd_age_ms_avg=25.89 detections=14 sent=10
15:20:34 INFO    [FAILSAFE] frame_queue_summary ， frames_received=26 frames_processed=25 frames_dropped=0 drop_rate=0.0 queue_depth=1 queue_depth_max=1
15:20:34 INFO    [FAILSAFE] telemetry_summary ， accepted=9 batt_v_avg=8.0 last_cmd_age_ms_avg=40.67 detections=14 sent=10
15:20:35 INFO    [FAILSAFE] frame_queue_summary ， frames_received=24 frames_processed=24 frames_dropped=0 drop_rate=0.0 queue_depth=1 queue_depth_max=1
15:20:35 INFO    [FAILSAFE] telemetry_summary ， detections=14 sent=10 accepted=9 batt_v_avg=8.0 last_cmd_age_ms_avg=28.22
15:20:36 INFO    [FAILSAFE] frame_queue_summary ， frames_received=25 frames_processed=25 frames_dropped=0 drop_rate=0.0 queue_depth=1 queue_depth_max=1
15:20:36 INFO    [FAILSAFE] telemetry_summary ， accepted=9 batt_v_avg=8.0 last_cmd_age_ms_avg=33.33 detections=16 sent=10
15:20:37 INFO    [FAILSAFE] frame_queue_summary ， frames_received=24 frames_processed=25 frames_dropped=0 drop_rate=0.0 queue_depth=0 queue_depth_max=1 latest_age_ms=25 latest_seq=9815
15:20:37 INFO    [FAILSAFE] telemetry_summary ， accepted=9 batt_v_avg=8.0 last_cmd_age_ms_avg=60.0 detections=16 sent=10
15:20:38 INFO    [FAILSAFE] frame_queue_summary ， frames_received=26 frames_processed=25 frames_dropped=0 drop_rate=0.0 queue_depth=1 queue_depth_max=1
15:20:38 INFO    [FAILSAFE] telemetry_summary ， accepted=10 batt_v_avg=8.0 last_cmd_age_ms_avg=38.3 detections=18 sent=10
15:20:39 INFO    [FAILSAFE] frame_queue_summary ， frames_received=24 frames_processed=24 frames_dropped=0 drop_rate=0.0 queue_depth=1 queue_depth_max=1
15:20:39 INFO    [FAILSAFE] telemetry_summary ， accepted=9 batt_v_avg=8.0 last_cmd_age_ms_avg=35.44 detections=12 sent=10
15:20:40 INFO    [FAILSAFE] frame_queue_summary ， frames_received=24 frames_processed=25 frames_dropped=0 drop_rate=0.0 queue_depth=0 queue_depth_max=1
15:20:40 INFO    [FAILSAFE] telemetry_summary ， accepted=10 batt_v_avg=8.0 last_cmd_age_ms_avg=46.3 detections=20 sent=10
15:20:41 INFO    [FAILSAFE] frame_queue_summary ， frames_received=25 frames_processed=25 frames_dropped=0 drop_rate=0.0 queue_depth=0 queue_depth_max=1 latest_age_ms=24 latest_seq=9914
15:20:41 INFO    [FAILSAFE] telemetry_summary ， accepted=9 batt_v_avg=8.0 last_cmd_age_ms_avg=49.11 detections=15 sent=10
15:20:42 INFO    [FAILSAFE] frame_queue_summary ， frames_received=25 frames_processed=25 frames_dropped=0 drop_rate=0.0 queue_depth=0 queue_depth_max=1 latest_age_ms=12 latest_seq=9939
15:20:42 INFO    [FAILSAFE] telemetry_summary ， accepted=10 batt_v_avg=8.0 last_cmd_age_ms_avg=70.5 detections=13 sent=10
15:20:43 INFO    [FAILSAFE] frame_queue_summary ， frames_received=25 frames_processed=24 frames_dropped=0 drop_rate=0.0 queue_depth=1 queue_depth_max=1
15:20:43 INFO    [FAILSAFE] telemetry_summary ， detections=16 sent=10 accepted=9 batt_v_avg=8.0 last_cmd_age_ms_avg=37.11
15:20:44 INFO    [FAILSAFE] frame_queue_summary ， frames_received=24 frames_processed=25 frames_dropped=0 drop_rate=0.0 queue_depth=0 queue_depth_max=1
15:20:44 INFO    [FAILSAFE] telemetry_summary ， accepted=9 batt_v_avg=8.0 last_cmd_age_ms_avg=39.22 detections=13 sent=10
15:20:45 INFO    [FAILSAFE] frame_queue_summary ， frames_received=25 frames_processed=25 frames_dropped=0 drop_rate=0.0 queue_depth=0 queue_depth_max=1 latest_age_ms=12 latest_seq=10013
15:20:45 INFO    [FAILSAFE] telemetry_summary ， accepted=9 batt_v_avg=8.0 last_cmd_age_ms_avg=37.33 detections=14 sent=10
15:20:46 INFO    [FAILSAFE] frame_queue_summary ， frames_received=25 frames_processed=24 frames_dropped=0 drop_rate=0.0 queue_depth=1 queue_depth_max=1
15:20:46 INFO    [FAILSAFE] telemetry_summary ， accepted=10 batt_v_avg=8.0 last_cmd_age_ms_avg=46.7 detections=17 sent=10
15:20:47 INFO    [FAILSAFE] frame_queue_summary ， frames_received=24 frames_processed=25 frames_dropped=0 drop_rate=0.0 queue_depth=0 queue_depth_max=1
15:20:47 INFO    [FAILSAFE] telemetry_summary ， accepted=9 batt_v_avg=8.0 last_cmd_age_ms_avg=58.0 detections=12 sent=10
15:20:48 INFO    [FAILSAFE] frame_queue_summary ， frames_received=25 frames_processed=25 frames_dropped=0 drop_rate=0.0 queue_depth=0 queue_depth_max=1
15:20:48 INFO    [FAILSAFE] telemetry_summary ， accepted=9 batt_v_avg=8.0 last_cmd_age_ms_avg=41.0 detections=12 sent=10
15:20:49 INFO    [FAILSAFE] frame_queue_summary ， frames_received=25 frames_processed=25 frames_dropped=0 drop_rate=0.0 queue_depth=0 queue_depth_max=1 latest_age_ms=7 latest_seq=10112
15:20:49 INFO    [FAILSAFE] telemetry_summary ， accepted=9 batt_v_avg=8.0 last_cmd_age_ms_avg=48.89 detections=15 sent=10
15:20:50 INFO    [FAILSAFE] frame_queue_summary ， frames_received=24 frames_processed=24 frames_dropped=0 drop_rate=0.0 queue_depth=0 queue_depth_max=1
15:20:50 INFO    [FAILSAFE] telemetry_summary ， accepted=10 batt_v_avg=8.0 last_cmd_age_ms_avg=48.9 detections=19 sent=10
15:20:51 INFO    [FAILSAFE] frame_queue_summary ， frames_received=25 frames_processed=25 frames_dropped=0 drop_rate=0.0 queue_depth=0 queue_depth_max=1
15:20:51 INFO    [FAILSAFE] telemetry_summary ， accepted=9 batt_v_avg=8.0 last_cmd_age_ms_avg=22.67 detections=14 sent=10
15:20:52 INFO    [FAILSAFE] frame_queue_summary ， frames_received=25 frames_processed=25 frames_dropped=0 drop_rate=0.0 queue_depth=0 queue_depth_max=1 latest_age_ms=20 latest_seq=10186
15:20:52 INFO    [FAILSAFE] telemetry_summary ， accepted=10 batt_v_avg=8.0 last_cmd_age_ms_avg=51.6 detections=17 sent=10
15:20:53 INFO    [FAILSAFE] frame_queue_summary ， frames_received=25 frames_processed=24 frames_dropped=0 drop_rate=0.0 queue_depth=1 queue_depth_max=1
15:20:53 INFO    [FAILSAFE] telemetry_summary ， detections=11 sent=10 accepted=9 batt_v_avg=8.0 last_cmd_age_ms_avg=19.0
15:20:54 INFO    [FAILSAFE] frame_queue_summary ， frames_received=24 frames_processed=25 frames_dropped=0 drop_rate=0.0 queue_depth=0 queue_depth_max=1
15:20:54 INFO    [FAILSAFE] telemetry_summary ， accepted=10 batt_v_avg=8.0 last_cmd_age_ms_avg=34.1 detections=17 sent=10
15:20:55 INFO    [FAILSAFE] frame_queue_summary ， frames_received=25 frames_processed=25 frames_dropped=0 drop_rate=0.0 queue_depth=0 queue_depth_max=1
15:20:55 INFO    [FAILSAFE] telemetry_summary ， accepted=9 batt_v_avg=8.0 last_cmd_age_ms_avg=64.11 detections=12 sent=10
15:20:56 INFO    [FAILSAFE] frame_queue_summary ， frames_received=25 frames_processed=25 frames_dropped=0 drop_rate=0.0 queue_depth=0 queue_depth_max=1
15:20:56 INFO    [FAILSAFE] telemetry_summary ， accepted=10 batt_v_avg=8.0 last_cmd_age_ms_avg=24.2 detections=17 sent=10
15:20:57 INFO    [FAILSAFE] frame_queue_summary ， frames_received=25 frames_processed=25 frames_dropped=0 drop_rate=0.0 queue_depth=0 queue_depth_max=1 latest_age_ms=16 latest_seq=10310
15:20:57 INFO    [FAILSAFE] telemetry_summary ， accepted=9 batt_v_avg=8.0 last_cmd_age_ms_avg=51.0 detections=16 sent=10
15:20:58 INFO    [FAILSAFE] frame_queue_summary ， frames_received=25 frames_processed=24 frames_dropped=0 drop_rate=0.0 queue_depth=1 queue_depth_max=1
15:20:58 INFO    [FAILSAFE] telemetry_summary ， accepted=10 batt_v_avg=8.0 last_cmd_age_ms_avg=62.7 detections=16 sent=10
15:20:59 INFO    [FAILSAFE] frame_queue_summary ， frames_received=24 frames_processed=25 frames_dropped=0 drop_rate=0.0 queue_depth=0 queue_depth_max=1
15:20:59 INFO    [FAILSAFE] telemetry_summary ， detections=15 sent=10 accepted=8 batt_v_avg=8.0 last_cmd_age_ms_avg=22.12
15:21:00 INFO    [FAILSAFE] frame_queue_summary ， frames_received=25 frames_processed=25 frames_dropped=0 drop_rate=0.0 queue_depth=0 queue_depth_max=1 latest_age_ms=28 latest_seq=10384
15:21:00 INFO    [FAILSAFE] telemetry_summary ， accepted=10 batt_v_avg=8.0 last_cmd_age_ms_avg=19.1 detections=14 sent=10
15:21:01 INFO    [FAILSAFE] frame_queue_summary ， frames_received=25 frames_processed=25 frames_dropped=0 drop_rate=0.0 queue_depth=0 queue_depth_max=1 latest_age_ms=10 latest_seq=10409
15:21:01 INFO    [FAILSAFE] telemetry_summary ， accepted=9 batt_v_avg=8.0 last_cmd_age_ms_avg=67.89 detections=13 sent=10
15:21:02 INFO    [FAILSAFE] frame_queue_summary ， frames_received=25 frames_processed=24 frames_dropped=0 drop_rate=0.0 queue_depth=1 queue_depth_max=1
15:21:02 INFO    [FAILSAFE] telemetry_summary ， accepted=10 batt_v_avg=8.0 last_cmd_age_ms_avg=33.5 detections=15 sent=10
15:21:03 INFO    [FAILSAFE] frame_queue_summary ， frames_received=24 frames_processed=25 frames_dropped=0 drop_rate=0.0 queue_depth=0 queue_depth_max=1
15:21:03 INFO    [FAILSAFE] telemetry_summary ， accepted=9 batt_v_avg=8.0 last_cmd_age_ms_avg=63.44 detections=12 sent=10
15:21:04 INFO    [FAILSAFE] frame_queue_summary ， frames_received=25 frames_processed=25 frames_dropped=0 drop_rate=0.0 queue_depth=0 queue_depth_max=1
15:21:04 INFO    [FAILSAFE] telemetry_summary ， accepted=10 batt_v_avg=8.0 last_cmd_age_ms_avg=55.4 detections=15 sent=10
15:21:05 INFO    [FAILSAFE] frame_queue_summary ， frames_received=25 frames_processed=25 frames_dropped=0 drop_rate=0.0 queue_depth=0 queue_depth_max=1 latest_age_ms=10 latest_seq=10508
15:21:05 INFO    [FAILSAFE] telemetry_summary ， detections=12 sent=10 accepted=9 batt_v_avg=8.0 last_cmd_age_ms_avg=28.0
15:21:06 INFO    [FAILSAFE] frame_queue_summary ， frames_received=25 frames_processed=24 frames_dropped=0 drop_rate=0.0 queue_depth=1 queue_depth_max=1
15:21:06 INFO    [FAILSAFE] telemetry_summary ， accepted=10 batt_v_avg=8.0 last_cmd_age_ms_avg=68.8 detections=15 sent=10
15:21:07 INFO    [FAILSAFE] frame_queue_summary ， frames_received=24 frames_processed=25 frames_dropped=0 drop_rate=0.0 queue_depth=0 queue_depth_max=1
15:21:07 INFO    [FAILSAFE] telemetry_summary ， accepted=9 batt_v_avg=8.0 last_cmd_age_ms_avg=58.33 detections=12 sent=10
15:21:08 INFO    [FAILSAFE] frame_queue_summary ， frames_received=25 frames_processed=25 frames_dropped=0 drop_rate=0.0 queue_depth=0 queue_depth_max=1
15:21:08 INFO    [FAILSAFE] telemetry_summary ， accepted=9 batt_v_avg=8.0 last_cmd_age_ms_avg=27.33 detections=16 sent=10
15:21:09 INFO    [FAILSAFE] frame_queue_summary ， frames_received=25 frames_processed=25 frames_dropped=0 drop_rate=0.0 queue_depth=0 queue_depth_max=1 latest_age_ms=14 latest_seq=10607
15:21:09 INFO    [FAILSAFE] telemetry_summary ， detections=13 sent=10 accepted=9 batt_v_avg=8.0 last_cmd_age_ms_avg=19.11
15:21:10 INFO    [FAILSAFE] frame_queue_summary ， frames_received=25 frames_processed=24 frames_dropped=0 drop_rate=0.0 queue_depth=1 queue_depth_max=1
15:21:10 INFO    [FAILSAFE] telemetry_summary ， accepted=10 batt_v_avg=8.0 last_cmd_age_ms_avg=59.0 detections=15 sent=10
15:21:11 INFO    [FAILSAFE] frame_queue_summary ， frames_received=25 frames_processed=25 frames_dropped=0 drop_rate=0.0 queue_depth=1 queue_depth_max=1
15:21:11 INFO    [FAILSAFE] telemetry_summary ， accepted=9 batt_v_avg=8.0 last_cmd_age_ms_avg=45.89 detections=10 sent=10
15:21:12 INFO    [FAILSAFE] frame_queue_summary ， frames_received=24 frames_processed=25 frames_dropped=0 drop_rate=0.0 queue_depth=0 queue_depth_max=1
15:21:12 INFO    [FAILSAFE] telemetry_summary ， accepted=9 batt_v_avg=8.0 last_cmd_age_ms_avg=51.44 detections=15 sent=10
15:21:13 INFO    [FAILSAFE] frame_queue_summary ， frames_received=25 frames_processed=25 frames_dropped=0 drop_rate=0.0 queue_depth=0 queue_depth_max=1 latest_age_ms=7 latest_seq=10706
15:21:13 INFO    [FAILSAFE] telemetry_summary ， accepted=9 batt_v_avg=8.0 last_cmd_age_ms_avg=49.11 detections=14 sent=10
15:21:14 INFO    [FAILSAFE] frame_queue_summary ， frames_received=25 frames_processed=24 frames_dropped=0 drop_rate=0.0 queue_depth=1 queue_depth_max=1
15:21:14 INFO    [FAILSAFE] telemetry_summary ， accepted=10 batt_v_avg=8.0 last_cmd_age_ms_avg=20.2 detections=17 sent=10
15:21:15 INFO    [FAILSAFE] frame_queue_summary ， frames_received=25 frames_processed=25 frames_dropped=0 drop_rate=0.0 queue_depth=1 queue_depth_max=1
15:21:15 INFO    [FAILSAFE] telemetry_summary ， accepted=10 batt_v_avg=8.0 last_cmd_age_ms_avg=63.2 detections=17 sent=10
15:21:16 INFO    [FAILSAFE] frame_queue_summary ， frames_received=24 frames_processed=25 frames_dropped=0 drop_rate=0.0 queue_depth=0 queue_depth_max=1
15:21:16 INFO    [FAILSAFE] telemetry_summary ， accepted=9 batt_v_avg=8.0 last_cmd_age_ms_avg=31.67 detections=13 sent=10
15:21:17 INFO    [FAILSAFE] frame_queue_summary ， frames_received=25 frames_processed=25 frames_dropped=0 drop_rate=0.0 queue_depth=0 queue_depth_max=1
15:21:17 INFO    [FAILSAFE] telemetry_summary ， accepted=9 batt_v_avg=8.0 last_cmd_age_ms_avg=47.56 detections=14 sent=10
15:21:18 INFO    [FAILSAFE] frame_queue_summary ， frames_received=25 frames_processed=25 frames_dropped=0 drop_rate=0.0 queue_depth=0 queue_depth_max=1 latest_age_ms=23 latest_seq=10830
15:21:18 INFO    [FAILSAFE] telemetry_summary ， accepted=10 batt_v_avg=8.0 last_cmd_age_ms_avg=31.8 detections=18 sent=10
15:21:19 INFO    [FAILSAFE] frame_queue_summary ， frames_received=25 frames_processed=24 frames_dropped=0 drop_rate=0.0 queue_depth=1 queue_depth_max=1
15:21:19 INFO    [FAILSAFE] telemetry_summary ， accepted=9 batt_v_avg=8.0 last_cmd_age_ms_avg=35.89 detections=15 sent=10
15:21:20 INFO    [FAILSAFE] frame_queue_summary ， frames_received=24 frames_processed=25 frames_dropped=0 drop_rate=0.0 queue_depth=0 queue_depth_max=1
15:21:20 INFO    [FAILSAFE] telemetry_summary ， accepted=9 batt_v_avg=8.0 last_cmd_age_ms_avg=32.89 detections=14 sent=10
15:21:21 INFO    [FAILSAFE] frame_queue_summary ， frames_received=25 frames_processed=25 frames_dropped=0 drop_rate=0.0 queue_depth=0 queue_depth_max=1 latest_age_ms=15 latest_seq=10904
15:21:21 INFO    [FAILSAFE] telemetry_summary ， accepted=9 batt_v_avg=8.0 last_cmd_age_ms_avg=57.78 detections=17 sent=10
15:21:22 INFO    [FAILSAFE] frame_queue_summary ， frames_received=25 frames_processed=25 frames_dropped=0 drop_rate=0.0 queue_depth=0 queue_depth_max=1
15:21:22 INFO    [FAILSAFE] telemetry_summary ， accepted=10 batt_v_avg=8.0 last_cmd_age_ms_avg=25.8 detections=15 sent=10
15:21:23 INFO    [FAILSAFE] frame_queue_summary ， frames_received=25 frames_processed=24 frames_dropped=0 drop_rate=0.0 queue_depth=1 queue_depth_max=1
15:21:23 INFO    [FAILSAFE] telemetry_summary ， accepted=10 batt_v_avg=8.0 last_cmd_age_ms_avg=65.8 detections=16 sent=10
15:21:24 INFO    [FAILSAFE] frame_queue_summary ， frames_received=25 frames_processed=25 frames_dropped=0 drop_rate=0.0 queue_depth=1 queue_depth_max=1
15:21:24 INFO    [FAILSAFE] telemetry_summary ， accepted=9 batt_v_avg=8.0 last_cmd_age_ms_avg=36.44 detections=10 sent=10
15:21:25 INFO    [FAILSAFE] frame_queue_summary ， frames_received=24 frames_processed=25 frames_dropped=0 drop_rate=0.0 queue_depth=0 queue_depth_max=1
15:21:25 INFO    [FAILSAFE] telemetry_summary ， accepted=9 batt_v_avg=8.0 last_cmd_age_ms_avg=63.44 detections=15 sent=10
15:21:26 INFO    [FAILSAFE] frame_queue_summary ， frames_received=25 frames_processed=25 frames_dropped=0 drop_rate=0.0 queue_depth=0 queue_depth_max=1 latest_age_ms=9 latest_seq=11028
15:21:26 INFO    [FAILSAFE] telemetry_summary ， accepted=10 batt_v_avg=8.0 last_cmd_age_ms_avg=26.1 detections=16 sent=10
15:21:27 INFO    [FAILSAFE] frame_queue_summary ， frames_received=25 frames_processed=24 frames_dropped=0 drop_rate=0.0 queue_depth=1 queue_depth_max=1
15:21:27 INFO    [FAILSAFE] telemetry_summary ， accepted=9 batt_v_avg=8.0 last_cmd_age_ms_avg=47.56 detections=18 sent=10
15:21:28 INFO    [FAILSAFE] frame_queue_summary ， frames_received=25 frames_processed=25 frames_dropped=0 drop_rate=0.0 queue_depth=1 queue_depth_max=1
15:21:28 INFO    [FAILSAFE] telemetry_summary ， accepted=9 batt_v_avg=8.0 last_cmd_age_ms_avg=70.89 detections=13 sent=10
15:21:29 INFO    [FAILSAFE] frame_queue_summary ， frames_received=25 frames_processed=25 frames_dropped=0 drop_rate=0.0 queue_depth=1 queue_depth_max=1
15:21:29 INFO    [FAILSAFE] telemetry_summary ， accepted=10 batt_v_avg=8.0 last_cmd_age_ms_avg=23.1 detections=15 sent=10
15:21:30 INFO    [FAILSAFE] frame_queue_summary ， frames_received=24 frames_processed=25 frames_dropped=0 drop_rate=0.0 queue_depth=0 queue_depth_max=1 latest_age_ms=9 latest_seq=11127
15:21:30 INFO    [FAILSAFE] telemetry_summary ， accepted=9 batt_v_avg=8.0 last_cmd_age_ms_avg=41.22 detections=17 sent=10
15:21:31 INFO    [FAILSAFE] frame_queue_summary ， frames_received=25 frames_processed=24 frames_dropped=0 drop_rate=0.0 queue_depth=1 queue_depth_max=1
15:21:31 INFO    [FAILSAFE] telemetry_summary ， accepted=9 batt_v_avg=8.0 last_cmd_age_ms_avg=43.33 detections=13 sent=10
15:21:32 INFO    [FAILSAFE] frame_queue_summary ， frames_received=25 frames_processed=25 frames_dropped=0 drop_rate=0.0 queue_depth=1 queue_depth_max=1
15:21:32 INFO    [FAILSAFE] telemetry_summary ， accepted=10 batt_v_avg=8.0 last_cmd_age_ms_avg=56.5 detections=15 sent=10
15:21:33 INFO    [FAILSAFE] frame_queue_summary ， frames_received=24 frames_processed=25 frames_dropped=0 drop_rate=0.0 queue_depth=0 queue_depth_max=1
15:21:33 INFO    [FAILSAFE] telemetry_summary ， detections=17 sent=10 accepted=9 batt_v_avg=8.0 last_cmd_age_ms_avg=37.56
15:21:34 INFO    [FAILSAFE] frame_queue_summary ， frames_received=25 frames_processed=24 frames_dropped=0 drop_rate=0.0 queue_depth=1 queue_depth_max=1
15:21:34 INFO    [FAILSAFE] telemetry_summary ， accepted=9 batt_v_avg=8.0 last_cmd_age_ms_avg=58.11 detections=16 sent=10
15:21:35 INFO    [FAILSAFE] frame_queue_summary ， frames_received=25 frames_processed=25 frames_dropped=0 drop_rate=0.0 queue_depth=1 queue_depth_max=1
15:21:35 INFO    [FAILSAFE] telemetry_summary ， accepted=10 batt_v_avg=8.0 last_cmd_age_ms_avg=33.8 detections=18 sent=10
15:21:36 INFO    [FAILSAFE] frame_queue_summary ， frames_received=25 frames_processed=25 frames_dropped=0 drop_rate=0.0 queue_depth=1 queue_depth_max=1
15:21:36 INFO    [FAILSAFE] telemetry_summary ， accepted=10 batt_v_avg=8.0 last_cmd_age_ms_avg=73.7 detections=15 sent=10
15:21:37 INFO    [FAILSAFE] frame_queue_summary ， frames_received=24 frames_processed=25 frames_dropped=0 drop_rate=0.0 queue_depth=0 queue_depth_max=1
15:21:37 INFO    [FAILSAFE] telemetry_summary ， detections=14 sent=10 accepted=9 batt_v_avg=8.0 last_cmd_age_ms_avg=19.0
15:21:38 INFO    [FAILSAFE] frame_queue_summary ， frames_received=25 frames_processed=24 frames_dropped=0 drop_rate=0.0 queue_depth=1 queue_depth_max=1
15:21:38 INFO    [FAILSAFE] telemetry_summary ， accepted=10 batt_v_avg=8.0 last_cmd_age_ms_avg=74.9 detections=9 sent=10
15:21:39 INFO    [FAILSAFE] frame_queue_summary ， frames_received=25 frames_processed=25 frames_dropped=0 drop_rate=0.0 queue_depth=1 queue_depth_max=1
15:21:39 INFO    [FAILSAFE] telemetry_summary ， detections=17 sent=10 accepted=9 batt_v_avg=8.0 last_cmd_age_ms_avg=30.89
15:21:40 INFO    [FAILSAFE] frame_queue_summary ， frames_received=25 frames_processed=25 frames_dropped=0 drop_rate=0.0 queue_depth=1 queue_depth_max=1
15:21:40 INFO    [FAILSAFE] telemetry_summary ， accepted=9 batt_v_avg=8.0 last_cmd_age_ms_avg=51.89 detections=17 sent=10
15:21:41 INFO    [FAILSAFE] frame_queue_summary ， frames_received=24 frames_processed=25 frames_dropped=0 drop_rate=0.0 queue_depth=0 queue_depth_max=1
15:21:41 INFO    [FAILSAFE] telemetry_summary ， accepted=10 batt_v_avg=8.0 last_cmd_age_ms_avg=77.1 detections=14 sent=10
15:21:42 INFO    [FAILSAFE] frame_queue_summary ， frames_received=25 frames_processed=25 frames_dropped=0 drop_rate=0.0 queue_depth=0 queue_depth_max=1 latest_age_ms=10 latest_seq=11424
15:21:42 INFO    [FAILSAFE] telemetry_summary ， detections=10 sent=10 accepted=9 batt_v_avg=8.0 last_cmd_age_ms_avg=52.89
15:21:43 INFO    [FAILSAFE] frame_queue_summary ， frames_received=25 frames_processed=24 frames_dropped=0 drop_rate=0.0 queue_depth=1 queue_depth_max=1
15:21:43 INFO    [FAILSAFE] telemetry_summary ， accepted=10 batt_v_avg=8.0 last_cmd_age_ms_avg=36.6 detections=17 sent=10
15:21:44 INFO    [FAILSAFE] frame_queue_summary ， frames_received=25 frames_processed=25 frames_dropped=0 drop_rate=0.0 queue_depth=1 queue_depth_max=1
15:21:44 INFO    [FAILSAFE] telemetry_summary ， accepted=9 batt_v_avg=8.0 last_cmd_age_ms_avg=44.89 detections=14 sent=10
15:21:45 INFO    [FAILSAFE] frame_queue_summary ， frames_received=24 frames_processed=24 frames_dropped=0 drop_rate=0.0 queue_depth=1 queue_depth_max=1
15:21:45 INFO    [FAILSAFE] telemetry_summary ， accepted=9 batt_v_avg=8.0 last_cmd_age_ms_avg=30.89 detections=15 sent=10
15:21:46 INFO    [FAILSAFE] frame_queue_summary ， frames_received=25 frames_processed=25 frames_dropped=0 drop_rate=0.0 queue_depth=1 queue_depth_max=1
15:21:46 INFO    [FAILSAFE] telemetry_summary ， accepted=10 batt_v_avg=8.0 last_cmd_age_ms_avg=63.1 detections=16 sent=10
15:21:47 INFO    [FAILSAFE] frame_queue_summary ， frames_received=25 frames_processed=25 frames_dropped=0 drop_rate=0.0 queue_depth=1 queue_depth_max=1
15:21:47 INFO    [FAILSAFE] telemetry_summary ， accepted=9 batt_v_avg=8.0 last_cmd_age_ms_avg=19.78 detections=13 sent=10
15:21:48 INFO    [FAILSAFE] frame_queue_summary ， frames_received=24 frames_processed=25 frames_dropped=0 drop_rate=0.0 queue_depth=0 queue_depth_max=1
15:21:48 INFO    [FAILSAFE] telemetry_summary ， accepted=10 batt_v_avg=8.0 last_cmd_age_ms_avg=54.9 detections=16 sent=10
15:21:49 INFO    [FAILSAFE] frame_queue_summary ， frames_received=25 frames_processed=24 frames_dropped=0 drop_rate=0.0 queue_depth=1 queue_depth_max=1
15:21:49 INFO    [FAILSAFE] telemetry_summary ， accepted=9 batt_v_avg=8.0 last_cmd_age_ms_avg=37.22 detections=12 sent=10
15:21:50 INFO    [FAILSAFE] frame_queue_summary ， frames_received=24 frames_processed=25 frames_dropped=0 drop_rate=0.0 queue_depth=0 queue_depth_max=1
15:21:50 INFO    [FAILSAFE] telemetry_summary ， accepted=9 batt_v_avg=8.0 last_cmd_age_ms_avg=46.33 detections=13 sent=10
15:21:51 INFO    [FAILSAFE] frame_queue_summary ， frames_received=26 frames_processed=25 frames_dropped=0 drop_rate=0.0 queue_depth=1 queue_depth_max=1
15:21:51 INFO    [FAILSAFE] telemetry_summary ， accepted=9 batt_v_avg=8.0 last_cmd_age_ms_avg=49.11 detections=15 sent=10
15:21:52 INFO    [FAILSAFE] frame_queue_summary ， frames_received=25 frames_processed=25 frames_dropped=0 drop_rate=0.0 queue_depth=1 queue_depth_max=1
15:21:52 INFO    [FAILSAFE] telemetry_summary ， accepted=10 batt_v_avg=8.0 last_cmd_age_ms_avg=28.7 detections=14 sent=10
15:21:53 INFO    [FAILSAFE] frame_queue_summary ， frames_received=24 frames_processed=24 frames_dropped=0 drop_rate=0.0 queue_depth=1 queue_depth_max=1
15:21:53 INFO    [FAILSAFE] telemetry_summary ， accepted=9 batt_v_avg=8.0 last_cmd_age_ms_avg=66.89 detections=11 sent=10
15:21:54 INFO    [FAILSAFE] frame_queue_summary ， frames_received=24 frames_processed=25 frames_dropped=0 drop_rate=0.0 queue_depth=0 queue_depth_max=1
15:21:54 INFO    [FAILSAFE] telemetry_summary ， accepted=10 batt_v_avg=8.0 last_cmd_age_ms_avg=33.1 detections=17 sent=10
15:21:55 INFO    [FAILSAFE] frame_queue_summary ， frames_received=26 frames_processed=25 frames_dropped=0 drop_rate=0.0 queue_depth=1 queue_depth_max=1
15:21:55 INFO    [FAILSAFE] telemetry_summary ， accepted=9 batt_v_avg=8.0 last_cmd_age_ms_avg=62.0 detections=14 sent=10
15:21:56 INFO    [FAILSAFE] frame_queue_summary ， frames_received=25 frames_processed=25 frames_dropped=0 drop_rate=0.0 queue_depth=1 queue_depth_max=1
15:21:56 INFO    [FAILSAFE] telemetry_summary ， accepted=9 batt_v_avg=8.0 last_cmd_age_ms_avg=45.11 detections=15 sent=10
15:21:57 INFO    [FAILSAFE] frame_queue_summary ， frames_received=24 frames_processed=25 frames_dropped=0 drop_rate=0.0 queue_depth=0 queue_depth_max=1 latest_age_ms=10 latest_seq=11795
15:21:57 INFO    [FAILSAFE] telemetry_summary ， accepted=9 batt_v_avg=8.0 last_cmd_age_ms_avg=50.89 detections=14 sent=10
15:21:58 INFO    [FAILSAFE] frame_queue_summary ， frames_received=24 frames_processed=24 frames_dropped=0 drop_rate=0.0 queue_depth=0 queue_depth_max=1
15:21:58 INFO    [FAILSAFE] telemetry_summary ， accepted=10 batt_v_avg=8.0 last_cmd_age_ms_avg=24.6 detections=18 sent=10
15:21:59 INFO    [FAILSAFE] frame_queue_summary ， frames_received=25 frames_processed=25 frames_dropped=0 drop_rate=0.0 queue_depth=0 queue_depth_max=1
15:21:59 INFO    [FAILSAFE] telemetry_summary ， accepted=9 batt_v_avg=8.0 last_cmd_age_ms_avg=50.44 detections=16 sent=10
15:22:00 INFO    [FAILSAFE] frame_queue_summary ， frames_received=26 frames_processed=25 frames_dropped=0 drop_rate=0.0 queue_depth=1 queue_depth_max=1
15:22:00 INFO    [FAILSAFE] telemetry_summary ， accepted=9 batt_v_avg=8.0 last_cmd_age_ms_avg=72.44 detections=16 sent=10
15:22:01 INFO    [FAILSAFE] frame_queue_summary ， frames_received=24 frames_processed=25 frames_dropped=0 drop_rate=0.0 queue_depth=0 queue_depth_max=1 latest_age_ms=13 latest_seq=11894
15:22:01 INFO    [FAILSAFE] telemetry_summary ， accepted=10 batt_v_avg=8.0 last_cmd_age_ms_avg=18.3 detections=14 sent=10
15:22:02 INFO    [FAILSAFE] frame_queue_summary ， frames_received=24 frames_processed=24 frames_dropped=0 drop_rate=0.0 queue_depth=0 queue_depth_max=1
15:22:02 INFO    [FAILSAFE] telemetry_summary ， accepted=10 batt_v_avg=8.0 last_cmd_age_ms_avg=67.1 detections=18 sent=10
15:22:03 INFO    [FAILSAFE] frame_queue_summary ， frames_received=25 frames_processed=25 frames_dropped=0 drop_rate=0.0 queue_depth=0 queue_depth_max=1
15:22:03 INFO    [FAILSAFE] telemetry_summary ， detections=14 sent=10 accepted=9 batt_v_avg=8.0 last_cmd_age_ms_avg=25.56
15:22:04 INFO    [FAILSAFE] frame_queue_summary ， frames_received=25 frames_processed=25 frames_dropped=0 drop_rate=0.0 queue_depth=0 queue_depth_max=1 latest_age_ms=19 latest_seq=11968
15:22:04 INFO    [FAILSAFE] telemetry_summary ， accepted=10 batt_v_avg=8.0 last_cmd_age_ms_avg=58.8 detections=19 sent=10
15:22:05 INFO    [FAILSAFE] frame_queue_summary ， frames_received=25 frames_processed=25 frames_dropped=0 drop_rate=0.0 queue_depth=0 queue_depth_max=1 latest_age_ms=13 latest_seq=11993
15:22:05 INFO    [FAILSAFE] telemetry_summary ， detections=17 sent=10 accepted=9 batt_v_avg=8.0 last_cmd_age_ms_avg=58.44
15:22:06 INFO    [FAILSAFE] frame_queue_summary ， frames_received=25 frames_processed=24 frames_dropped=0 drop_rate=0.0 queue_depth=1 queue_depth_max=1
15:22:06 INFO    [FAILSAFE] telemetry_summary ， accepted=9 batt_v_avg=8.0 last_cmd_age_ms_avg=46.33 detections=11 sent=10
15:22:07 INFO    [FAILSAFE] frame_queue_summary ， frames_received=24 frames_processed=25 frames_dropped=0 drop_rate=0.0 queue_depth=0 queue_depth_max=1
15:22:07 INFO    [FAILSAFE] telemetry_summary ， accepted=10 batt_v_avg=8.0 last_cmd_age_ms_avg=51.9 detections=16 sent=10
15:22:08 INFO    [FAILSAFE] frame_queue_summary ， frames_received=25 frames_processed=25 frames_dropped=0 drop_rate=0.0 queue_depth=0 queue_depth_max=1
15:22:08 INFO    [FAILSAFE] telemetry_summary ， detections=15 sent=10 accepted=9 batt_v_avg=8.0 last_cmd_age_ms_avg=28.44
15:22:09 INFO    [FAILSAFE] frame_queue_summary ， frames_received=26 frames_processed=25 frames_dropped=0 drop_rate=0.0 queue_depth=1 queue_depth_max=1
15:22:09 INFO    [FAILSAFE] telemetry_summary ， accepted=9 batt_v_avg=8.0 last_cmd_age_ms_avg=65.44 detections=16 sent=10
15:22:10 INFO    [FAILSAFE] frame_queue_summary ， frames_received=24 frames_processed=24 frames_dropped=0 drop_rate=0.0 queue_depth=1 queue_depth_max=1
15:22:10 INFO    [FAILSAFE] telemetry_summary ， detections=17 sent=10 accepted=9 batt_v_avg=8.0 last_cmd_age_ms_avg=18.0
15:22:11 INFO    [FAILSAFE] frame_queue_summary ， frames_received=24 frames_processed=25 frames_dropped=0 drop_rate=0.0 queue_depth=0 queue_depth_max=1
15:22:11 INFO    [FAILSAFE] telemetry_summary ， accepted=10 batt_v_avg=8.0 last_cmd_age_ms_avg=58.5 detections=18 sent=10
15:22:12 INFO    [FAILSAFE] frame_queue_summary ， frames_received=25 frames_processed=25 frames_dropped=0 drop_rate=0.0 queue_depth=0 queue_depth_max=1
15:22:12 INFO    [FAILSAFE] telemetry_summary ， accepted=9 batt_v_avg=8.0 last_cmd_age_ms_avg=38.67 detections=13 sent=10
15:22:13 INFO    [FAILSAFE] frame_queue_summary ， frames_received=25 frames_processed=25 frames_dropped=0 drop_rate=0.0 queue_depth=0 queue_depth_max=1 latest_age_ms=10 latest_seq=12191
15:22:13 INFO    [FAILSAFE] telemetry_summary ， accepted=10 batt_v_avg=8.0 last_cmd_age_ms_avg=36.1 detections=20 sent=10
15:22:14 INFO    [FAILSAFE] frame_queue_summary ， frames_received=24 frames_processed=24 frames_dropped=0 drop_rate=0.0 queue_depth=0 queue_depth_max=1
15:22:14 INFO    [FAILSAFE] telemetry_summary ， accepted=9 batt_v_avg=8.0 last_cmd_age_ms_avg=47.67 detections=14 sent=10
15:22:15 INFO    [FAILSAFE] frame_queue_summary ， frames_received=25 frames_processed=25 frames_dropped=0 drop_rate=0.0 queue_depth=0 queue_depth_max=1
15:22:15 INFO    [FAILSAFE] telemetry_summary ， accepted=9 batt_v_avg=8.0 last_cmd_age_ms_avg=19.0 detections=16 sent=10
15:22:16 INFO    [FAILSAFE] frame_queue_summary ， frames_received=25 frames_processed=25 frames_dropped=0 drop_rate=0.0 queue_depth=0 queue_depth_max=1
15:22:16 INFO    [FAILSAFE] telemetry_summary ， accepted=9 batt_v_avg=8.0 last_cmd_age_ms_avg=30.78 detections=13 sent=10
15:22:17 INFO    [FAILSAFE] frame_queue_summary ， frames_received=25 frames_processed=25 frames_dropped=0 drop_rate=0.0 queue_depth=0 queue_depth_max=1 latest_age_ms=21 latest_seq=12290
15:22:17 INFO    [FAILSAFE] telemetry_summary ， accepted=10 batt_v_avg=8.0 last_cmd_age_ms_avg=32.8 detections=17 sent=10
15:22:18 INFO    [FAILSAFE] frame_queue_summary ， frames_received=25 frames_processed=25 frames_dropped=0 drop_rate=0.0 queue_depth=0 queue_depth_max=1 latest_age_ms=17 latest_seq=12315
15:22:18 INFO    [FAILSAFE] telemetry_summary ， accepted=10 batt_v_avg=8.0 last_cmd_age_ms_avg=65.9 detections=17 sent=10
15:22:19 INFO    [FAILSAFE] frame_queue_summary ， frames_received=24 frames_processed=24 frames_dropped=0 drop_rate=0.0 queue_depth=0 queue_depth_max=1
15:22:19 INFO    [FAILSAFE] telemetry_summary ， detections=12 sent=10 accepted=9 batt_v_avg=8.0 last_cmd_age_ms_avg=15.0
15:22:20 INFO    [FAILSAFE] frame_queue_summary ， frames_received=25 frames_processed=25 frames_dropped=0 drop_rate=0.0 queue_depth=0 queue_depth_max=1
15:22:20 INFO    [FAILSAFE] telemetry_summary ， accepted=10 batt_v_avg=8.0 last_cmd_age_ms_avg=60.3 detections=15 sent=10
15:22:21 INFO    [FAILSAFE] frame_queue_summary ， frames_received=25 frames_processed=25 frames_dropped=0 drop_rate=0.0 queue_depth=0 queue_depth_max=1 latest_age_ms=23 latest_seq=12389
15:22:21 INFO    [FAILSAFE] telemetry_summary ， accepted=9 batt_v_avg=8.0 last_cmd_age_ms_avg=32.33 detections=6 sent=10
15:22:22 INFO    [FAILSAFE] frame_queue_summary ， frames_received=25 frames_processed=25 frames_dropped=0 drop_rate=0.0 queue_depth=0 queue_depth_max=1 latest_age_ms=14 latest_seq=12414
15:22:22 INFO    [FAILSAFE] telemetry_summary ， accepted=10 batt_v_avg=8.0 last_cmd_age_ms_avg=29.3 detections=16 sent=10
15:22:23 INFO    [FAILSAFE] frame_queue_summary ， frames_received=25 frames_processed=24 frames_dropped=0 drop_rate=0.0 queue_depth=1 queue_depth_max=1
15:22:23 INFO    [FAILSAFE] telemetry_summary ， accepted=9 batt_v_avg=8.0 last_cmd_age_ms_avg=56.11 detections=16 sent=10
15:22:24 INFO    [FAILSAFE] frame_queue_summary ， frames_received=24 frames_processed=25 frames_dropped=0 drop_rate=0.0 queue_depth=0 queue_depth_max=1
15:22:24 INFO    [FAILSAFE] telemetry_summary ， accepted=9 batt_v_avg=8.0 last_cmd_age_ms_avg=33.33 detections=17 sent=10
15:22:25 INFO    [FAILSAFE] frame_queue_summary ， frames_received=25 frames_processed=25 frames_dropped=0 drop_rate=0.0 queue_depth=0 queue_depth_max=1
15:22:25 INFO    [FAILSAFE] telemetry_summary ， accepted=10 batt_v_avg=8.0 last_cmd_age_ms_avg=38.3 detections=18 sent=10
15:22:26 INFO    [FAILSAFE] frame_queue_summary ， frames_received=25 frames_processed=25 frames_dropped=0 drop_rate=0.0 queue_depth=0 queue_depth_max=1 latest_age_ms=21 latest_seq=12513
15:22:26 INFO    [FAILSAFE] telemetry_summary ， accepted=9 batt_v_avg=8.0 last_cmd_age_ms_avg=58.56 detections=13 sent=10
15:22:27 INFO    [FAILSAFE] frame_queue_summary ， frames_received=25 frames_processed=25 frames_dropped=0 drop_rate=0.0 queue_depth=0 queue_depth_max=1 latest_age_ms=10 latest_seq=12538
15:22:27 INFO    [FAILSAFE] telemetry_summary ， accepted=10 batt_v_avg=8.0 last_cmd_age_ms_avg=37.4 detections=19 sent=10
15:22:28 INFO    [FAILSAFE] frame_queue_summary ， frames_received=25 frames_processed=24 frames_dropped=0 drop_rate=0.0 queue_depth=1 queue_depth_max=1
15:22:28 INFO    [FAILSAFE] telemetry_summary ， accepted=9 batt_v_avg=8.0 last_cmd_age_ms_avg=59.67 detections=14 sent=10
15:22:29 INFO    [FAILSAFE] frame_queue_summary ， frames_received=24 frames_processed=25 frames_dropped=0 drop_rate=0.0 queue_depth=0 queue_depth_max=1
15:22:29 INFO    [FAILSAFE] telemetry_summary ， accepted=10 batt_v_avg=8.0 last_cmd_age_ms_avg=20.3 detections=14 sent=10
15:22:30 INFO    [FAILSAFE] frame_queue_summary ， frames_received=25 frames_processed=25 frames_dropped=0 drop_rate=0.0 queue_depth=0 queue_depth_max=1
15:22:30 INFO    [FAILSAFE] telemetry_summary ， accepted=9 batt_v_avg=8.0 last_cmd_age_ms_avg=65.89 detections=16 sent=10
15:22:31 INFO    [FAILSAFE] frame_queue_summary ， frames_received=25 frames_processed=25 frames_dropped=0 drop_rate=0.0 queue_depth=0 queue_depth_max=1 latest_age_ms=18 latest_seq=12637
15:22:31 INFO    [FAILSAFE] telemetry_summary ， accepted=10 batt_v_avg=8.0 last_cmd_age_ms_avg=56.1 detections=13 sent=10
15:22:32 INFO    [FAILSAFE] frame_queue_summary ， frames_received=24 frames_processed=24 frames_dropped=0 drop_rate=0.0 queue_depth=0 queue_depth_max=1
15:22:32 INFO    [FAILSAFE] telemetry_summary ， detections=14 sent=10 accepted=9 batt_v_avg=8.0 last_cmd_age_ms_avg=18.33
15:22:33 INFO    [FAILSAFE] frame_queue_summary ， frames_received=25 frames_processed=25 frames_dropped=0 drop_rate=0.0 queue_depth=0 queue_depth_max=1
15:22:33 INFO    [FAILSAFE] telemetry_summary ， accepted=10 batt_v_avg=8.0 last_cmd_age_ms_avg=56.9 detections=19 sent=10
15:22:34 INFO    [FAILSAFE] frame_queue_summary ， frames_received=25 frames_processed=25 frames_dropped=0 drop_rate=0.0 queue_depth=0 queue_depth_max=1 latest_age_ms=22 latest_seq=12711
15:22:34 INFO    [FAILSAFE] telemetry_summary ， accepted=9 batt_v_avg=8.0 last_cmd_age_ms_avg=54.56 detections=12 sent=10
15:22:35 INFO    [FAILSAFE] frame_queue_summary ， frames_received=25 frames_processed=24 frames_dropped=0 drop_rate=0.0 queue_depth=1 queue_depth_max=1
15:22:35 INFO    [FAILSAFE] telemetry_summary ， accepted=10 batt_v_avg=8.0 last_cmd_age_ms_avg=24.9 detections=16 sent=10
15:22:36 INFO    [FAILSAFE] frame_queue_summary ， frames_received=25 frames_processed=25 frames_dropped=0 drop_rate=0.0 queue_depth=1 queue_depth_max=1
15:22:36 INFO    [FAILSAFE] telemetry_summary ， accepted=9 batt_v_avg=8.0 last_cmd_age_ms_avg=52.33 detections=14 sent=10
15:22:37 INFO    [FAILSAFE] frame_queue_summary ， frames_received=24 frames_processed=25 frames_dropped=0 drop_rate=0.0 queue_depth=0 queue_depth_max=1
15:22:37 INFO    [FAILSAFE] telemetry_summary ， accepted=10 batt_v_avg=8.0 last_cmd_age_ms_avg=22.7 detections=19 sent=10
15:22:38 INFO    [FAILSAFE] frame_queue_summary ， frames_received=25 frames_processed=24 frames_dropped=0 drop_rate=0.0 queue_depth=1 queue_depth_max=1
15:22:38 INFO    [FAILSAFE] telemetry_summary ， accepted=9 batt_v_avg=8.0 last_cmd_age_ms_avg=54.33 detections=16 sent=10
15:22:39 INFO    [FAILSAFE] frame_queue_summary ， frames_received=25 frames_processed=25 frames_dropped=0 drop_rate=0.0 queue_depth=1 queue_depth_max=1
15:22:39 INFO    [FAILSAFE] telemetry_summary ， accepted=10 batt_v_avg=8.0 last_cmd_age_ms_avg=17.6 detections=14 sent=10
15:22:40 INFO    [FAILSAFE] frame_queue_summary ， frames_received=25 frames_processed=25 frames_dropped=0 drop_rate=0.0 queue_depth=1 queue_depth_max=1
15:22:40 INFO    [FAILSAFE] telemetry_summary ， accepted=9 batt_v_avg=8.0 last_cmd_age_ms_avg=55.78 detections=15 sent=10
15:22:41 INFO    [FAILSAFE] frame_queue_summary ， frames_received=24 frames_processed=25 frames_dropped=0 drop_rate=0.0 queue_depth=0 queue_depth_max=1
15:22:41 INFO    [FAILSAFE] telemetry_summary ， accepted=9 batt_v_avg=8.0 last_cmd_age_ms_avg=47.0 detections=12 sent=10
15:22:42 INFO    [FAILSAFE] frame_queue_summary ， frames_received=25 frames_processed=25 frames_dropped=0 drop_rate=0.0 queue_depth=0 queue_depth_max=1 latest_age_ms=27 latest_seq=12909
15:22:42 INFO    [FAILSAFE] telemetry_summary ， accepted=10 batt_v_avg=8.0 last_cmd_age_ms_avg=20.1 detections=16 sent=10
15:22:43 INFO    [FAILSAFE] frame_queue_summary ， frames_received=25 frames_processed=24 frames_dropped=0 drop_rate=0.0 queue_depth=1 queue_depth_max=1
15:22:43 INFO    [FAILSAFE] telemetry_summary ， accepted=10 batt_v_avg=8.0 last_cmd_age_ms_avg=69.9 detections=17 sent=10
15:22:44 INFO    [FAILSAFE] frame_queue_summary ， frames_received=25 frames_processed=25 frames_dropped=0 drop_rate=0.0 queue_depth=1 queue_depth_max=1
15:22:44 INFO    [FAILSAFE] telemetry_summary ， detections=17 sent=10 accepted=9 batt_v_avg=8.0 last_cmd_age_ms_avg=34.22
15:22:45 INFO    [FAILSAFE] frame_queue_summary ， frames_received=24 frames_processed=25 frames_dropped=0 drop_rate=0.0 queue_depth=0 queue_depth_max=1
15:22:45 INFO    [FAILSAFE] telemetry_summary ， accepted=9 batt_v_avg=8.0 last_cmd_age_ms_avg=80.11 detections=15 sent=10
15:22:46 INFO    [FAILSAFE] frame_queue_summary ， frames_received=25 frames_processed=25 frames_dropped=0 drop_rate=0.0 queue_depth=0 queue_depth_max=1
15:22:46 INFO    [FAILSAFE] telemetry_summary ， accepted=10 batt_v_avg=8.0 last_cmd_age_ms_avg=21.4 detections=13 sent=10
15:22:47 INFO    [FAILSAFE] frame_queue_summary ， frames_received=25 frames_processed=25 frames_dropped=0 drop_rate=0.0 queue_depth=0 queue_depth_max=1 latest_age_ms=15 latest_seq=13033
15:22:47 INFO    [FAILSAFE] telemetry_summary ， accepted=10 batt_v_avg=8.0 last_cmd_age_ms_avg=68.9 detections=17 sent=10
15:22:48 INFO    [FAILSAFE] frame_queue_summary ， frames_received=25 frames_processed=24 frames_dropped=0 drop_rate=0.0 queue_depth=1 queue_depth_max=1
15:22:48 INFO    [FAILSAFE] telemetry_summary ， detections=14 sent=10 accepted=9 batt_v_avg=8.0 last_cmd_age_ms_avg=23.22
15:22:49 INFO    [FAILSAFE] frame_queue_summary ， frames_received=24 frames_processed=25 frames_dropped=0 drop_rate=0.0 queue_depth=0 queue_depth_max=1
15:22:49 INFO    [FAILSAFE] telemetry_summary ， accepted=9 batt_v_avg=8.0 last_cmd_age_ms_avg=52.22 detections=18 sent=10
15:22:50 INFO    [FAILSAFE] frame_queue_summary ， frames_received=25 frames_processed=25 frames_dropped=0 drop_rate=0.0 queue_depth=0 queue_depth_max=1
15:22:50 INFO    [FAILSAFE] telemetry_summary ， accepted=10 batt_v_avg=8.0 last_cmd_age_ms_avg=14.2 detections=18 sent=10
15:22:51 INFO    [FAILSAFE] frame_queue_summary ， frames_received=25 frames_processed=25 frames_dropped=0 drop_rate=0.0 queue_depth=0 queue_depth_max=1
15:22:51 INFO    [FAILSAFE] telemetry_summary ， accepted=10 batt_v_avg=8.0 last_cmd_age_ms_avg=60.1 detections=16 sent=10
15:22:52 INFO    [FAILSAFE] frame_queue_summary ， frames_received=25 frames_processed=24 frames_dropped=0 drop_rate=0.0 queue_depth=1 queue_depth_max=1
15:22:52 INFO    [FAILSAFE] telemetry_summary ， accepted=9 batt_v_avg=8.0 last_cmd_age_ms_avg=25.56 detections=5 sent=10
15:22:53 INFO    [FAILSAFE] frame_queue_summary ， frames_received=25 frames_processed=25 frames_dropped=0 drop_rate=0.0 queue_depth=1 queue_depth_max=1
15:22:53 INFO    [FAILSAFE] telemetry_summary ， accepted=9 batt_v_avg=8.0 last_cmd_age_ms_avg=31.44 detections=10 sent=10
15:22:54 INFO    [FAILSAFE] frame_queue_summary ， frames_received=25 frames_processed=25 frames_dropped=0 drop_rate=0.0 queue_depth=1 queue_depth_max=1
15:22:54 INFO    [FAILSAFE] telemetry_summary ， accepted=10 batt_v_avg=8.0 last_cmd_age_ms_avg=49.1 detections=18 sent=10
15:22:55 INFO    [FAILSAFE] frame_queue_summary ， frames_received=24 frames_processed=25 frames_dropped=0 drop_rate=0.0 queue_depth=0 queue_depth_max=1
15:22:55 INFO    [FAILSAFE] telemetry_summary ， accepted=9 batt_v_avg=8.0 last_cmd_age_ms_avg=41.78 detections=13 sent=10
15:22:56 INFO    [FAILSAFE] frame_queue_summary ， frames_received=25 frames_processed=24 frames_dropped=0 drop_rate=0.0 queue_depth=1 queue_depth_max=1
15:22:56 INFO    [FAILSAFE] telemetry_summary ， accepted=10 batt_v_avg=8.0 last_cmd_age_ms_avg=38.3 detections=18 sent=10
15:22:56 INFO    [FAILSAFE] track_opened ， score=0.512
15:22:57 INFO    [FAILSAFE] frame_queue_summary ， frames_received=25 frames_processed=25 frames_dropped=0 drop_rate=0.0 queue_depth=1 queue_depth_max=1
15:22:57 INFO    [FAILSAFE] telemetry_summary ， accepted=9 batt_v_avg=8.0 last_cmd_age_ms_avg=65.56 detections=13 sent=10
15:22:57 INFO    [FAILSAFE] track_dropped ， reason=lost age_ms=1042
15:22:58 INFO    [FAILSAFE] frame_queue_summary ， frames_received=24 frames_processed=25 frames_dropped=0 drop_rate=0.0 queue_depth=0 queue_depth_max=1
15:22:58 INFO    [FAILSAFE] telemetry_summary ， accepted=10 batt_v_avg=8.0 last_cmd_age_ms_avg=41.9 detections=17 sent=10
15:22:59 INFO    [FAILSAFE] frame_queue_summary ， frames_received=25 frames_processed=24 frames_dropped=0 drop_rate=0.0 queue_depth=1 queue_depth_max=1
15:22:59 INFO    [FAILSAFE] telemetry_summary ， accepted=9 batt_v_avg=8.0 last_cmd_age_ms_avg=46.33 detections=12 sent=10
15:23:00 INFO    [FAILSAFE] frame_queue_summary ， frames_received=25 frames_processed=25 frames_dropped=0 drop_rate=0.0 queue_depth=1 queue_depth_max=1
15:23:00 INFO    [FAILSAFE] telemetry_summary ， accepted=10 batt_v_avg=8.0 last_cmd_age_ms_avg=43.1 detections=18 sent=10
15:23:01 INFO    [FAILSAFE] frame_queue_summary ， frames_received=25 frames_processed=25 frames_dropped=0 drop_rate=0.0 queue_depth=1 queue_depth_max=1
15:23:01 INFO    [FAILSAFE] telemetry_summary ， accepted=9 batt_v_avg=8.0 last_cmd_age_ms_avg=48.78 detections=11 sent=10
15:23:02 INFO    [FAILSAFE] frame_queue_summary ， frames_received=24 frames_processed=25 frames_dropped=0 drop_rate=0.0 queue_depth=0 queue_depth_max=1
15:23:02 INFO    [FAILSAFE] telemetry_summary ， accepted=10 batt_v_avg=8.0 last_cmd_age_ms_avg=31.1 detections=17 sent=10
15:23:03 INFO    [FAILSAFE] frame_queue_summary ， frames_received=25 frames_processed=25 frames_dropped=0 drop_rate=0.0 queue_depth=0 queue_depth_max=1 latest_age_ms=13 latest_seq=13429
15:23:03 INFO    [FAILSAFE] telemetry_summary ， accepted=9 batt_v_avg=8.0 last_cmd_age_ms_avg=40.67 detections=16 sent=10
15:23:04 INFO    [FAILSAFE] frame_queue_summary ， frames_received=25 frames_processed=24 frames_dropped=0 drop_rate=0.0 queue_depth=1 queue_depth_max=1
15:23:04 INFO    [FAILSAFE] telemetry_summary ， accepted=10 batt_v_avg=8.0 last_cmd_age_ms_avg=26.1 detections=16 sent=10
15:23:05 INFO    [FAILSAFE] frame_queue_summary ， frames_received=25 frames_processed=25 frames_dropped=0 drop_rate=0.0 queue_depth=1 queue_depth_max=1
15:23:05 INFO    [FAILSAFE] telemetry_summary ， accepted=9 batt_v_avg=8.0 last_cmd_age_ms_avg=50.56 detections=15 sent=10
15:23:06 INFO    [FAILSAFE] frame_queue_summary ， frames_received=25 frames_processed=25 frames_dropped=0 drop_rate=0.0 queue_depth=1 queue_depth_max=1
15:23:06 INFO    [FAILSAFE] telemetry_summary ， accepted=10 batt_v_avg=8.0 last_cmd_age_ms_avg=24.6 detections=16 sent=10
15:23:07 INFO    [FAILSAFE] frame_queue_summary ， frames_received=24 frames_processed=25 frames_dropped=0 drop_rate=0.0 queue_depth=0 queue_depth_max=1 latest_age_ms=12 latest_seq=13528
15:23:07 INFO    [FAILSAFE] telemetry_summary ， accepted=10 batt_v_avg=8.0 last_cmd_age_ms_avg=50.4 detections=20 sent=10
15:23:08 INFO    [FAILSAFE] frame_queue_summary ， frames_received=25 frames_processed=24 frames_dropped=0 drop_rate=0.0 queue_depth=1 queue_depth_max=1
15:23:08 INFO    [FAILSAFE] telemetry_summary ， accepted=9 batt_v_avg=8.0 last_cmd_age_ms_avg=71.22 detections=17 sent=10
15:23:09 INFO    [FAILSAFE] frame_queue_summary ， frames_received=25 frames_processed=25 frames_dropped=0 drop_rate=0.0 queue_depth=1 queue_depth_max=1
15:23:09 INFO    [FAILSAFE] telemetry_summary ， accepted=10 batt_v_avg=8.0 last_cmd_age_ms_avg=23.8 detections=15 sent=10
15:23:10 INFO    [FAILSAFE] frame_queue_summary ， frames_received=25 frames_processed=25 frames_dropped=0 drop_rate=0.0 queue_depth=1 queue_depth_max=1
15:23:10 INFO    [FAILSAFE] telemetry_summary ， accepted=9 batt_v_avg=8.0 last_cmd_age_ms_avg=65.78 detections=11 sent=10
15:23:11 INFO    [FAILSAFE] frame_queue_summary ， frames_received=24 frames_processed=25 frames_dropped=0 drop_rate=0.0 queue_depth=0 queue_depth_max=1 latest_age_ms=8 latest_seq=13627
15:23:11 INFO    [FAILSAFE] telemetry_summary ， accepted=10 batt_v_avg=8.0 last_cmd_age_ms_avg=20.9 detections=14 sent=10
15:23:12 INFO    [FAILSAFE] frame_queue_summary ， frames_received=25 frames_processed=24 frames_dropped=0 drop_rate=0.0 queue_depth=1 queue_depth_max=1
15:23:12 INFO    [FAILSAFE] telemetry_summary ， accepted=10 batt_v_avg=8.0 last_cmd_age_ms_avg=65.4 detections=19 sent=10
15:23:13 INFO    [FAILSAFE] frame_queue_summary ， frames_received=25 frames_processed=25 frames_dropped=0 drop_rate=0.0 queue_depth=1 queue_depth_max=1
15:23:13 INFO    [FAILSAFE] telemetry_summary ， accepted=9 batt_v_avg=8.0 last_cmd_age_ms_avg=41.67 detections=12 sent=10
15:23:14 INFO    [FAILSAFE] frame_queue_summary ， frames_received=24 frames_processed=25 frames_dropped=0 drop_rate=0.0 queue_depth=0 queue_depth_max=1 latest_age_ms=4 latest_seq=13701
15:23:14 INFO    [FAILSAFE] telemetry_summary ， accepted=10 batt_v_avg=8.0 last_cmd_age_ms_avg=35.0 detections=18 sent=10
15:23:15 INFO    [FAILSAFE] frame_queue_summary ， frames_received=25 frames_processed=24 frames_dropped=0 drop_rate=0.0 queue_depth=1 queue_depth_max=1
15:23:15 INFO    [FAILSAFE] telemetry_summary ， accepted=9 batt_v_avg=8.0 last_cmd_age_ms_avg=67.56 detections=13 sent=10
15:23:16 INFO    [FAILSAFE] frame_queue_summary ， frames_received=25 frames_processed=25 frames_dropped=0 drop_rate=0.0 queue_depth=1 queue_depth_max=1
15:23:16 INFO    [FAILSAFE] telemetry_summary ， accepted=10 batt_v_avg=8.0 last_cmd_age_ms_avg=27.0 detections=14 sent=10
15:23:17 INFO    [FAILSAFE] frame_queue_summary ， frames_received=25 frames_processed=25 frames_dropped=0 drop_rate=0.0 queue_depth=1 queue_depth_max=1
15:23:17 INFO    [FAILSAFE] telemetry_summary ， accepted=9 batt_v_avg=8.0 last_cmd_age_ms_avg=51.44 detections=12 sent=10
15:23:18 INFO    [FAILSAFE] frame_queue_summary ， frames_received=24 frames_processed=25 frames_dropped=0 drop_rate=0.0 queue_depth=0 queue_depth_max=1
15:23:18 INFO    [FAILSAFE] telemetry_summary ， accepted=10 batt_v_avg=8.0 last_cmd_age_ms_avg=19.7 detections=18 sent=10
15:23:19 INFO    [FAILSAFE] frame_queue_summary ， frames_received=25 frames_processed=24 frames_dropped=0 drop_rate=0.0 queue_depth=1 queue_depth_max=1
15:23:19 INFO    [FAILSAFE] telemetry_summary ， accepted=10 batt_v_avg=8.0 last_cmd_age_ms_avg=41.7 detections=19 sent=10
15:23:20 INFO    [FAILSAFE] frame_queue_summary ， frames_received=24 frames_processed=25 frames_dropped=0 drop_rate=0.0 queue_depth=0 queue_depth_max=1
15:23:20 INFO    [FAILSAFE] telemetry_summary ， accepted=9 batt_v_avg=8.0 last_cmd_age_ms_avg=68.0 detections=16 sent=10
15:23:21 INFO    [FAILSAFE] frame_queue_summary ， frames_received=26 frames_processed=25 frames_dropped=0 drop_rate=0.0 queue_depth=1 queue_depth_max=1
15:23:21 INFO    [FAILSAFE] telemetry_summary ， accepted=10 batt_v_avg=8.0 last_cmd_age_ms_avg=44.0 detections=17 sent=10
15:23:22 INFO    [FAILSAFE] frame_queue_summary ， frames_received=25 frames_processed=25 frames_dropped=0 drop_rate=0.0 queue_depth=1 queue_depth_max=1
15:23:22 INFO    [FAILSAFE] telemetry_summary ， accepted=9 batt_v_avg=8.0 last_cmd_age_ms_avg=62.67 detections=11 sent=10
15:23:23 INFO    [FAILSAFE] frame_queue_summary ， frames_received=24 frames_processed=25 frames_dropped=0 drop_rate=0.0 queue_depth=0 queue_depth_max=1 latest_age_ms=10 latest_seq=13924
15:23:23 INFO    [FAILSAFE] telemetry_summary ， accepted=10 batt_v_avg=8.0 last_cmd_age_ms_avg=20.2 detections=17 sent=10
15:23:24 INFO    [FAILSAFE] frame_queue_summary ， frames_received=24 frames_processed=24 frames_dropped=0 drop_rate=0.0 queue_depth=0 queue_depth_max=1
15:23:24 INFO    [FAILSAFE] telemetry_summary ， accepted=10 batt_v_avg=8.0 last_cmd_age_ms_avg=59.3 detections=20 sent=10
15:23:25 INFO    [FAILSAFE] frame_queue_summary ， frames_received=26 frames_processed=25 frames_dropped=0 drop_rate=0.0 queue_depth=1 queue_depth_max=1
15:23:25 INFO    [FAILSAFE] telemetry_summary ， accepted=9 batt_v_avg=8.0 last_cmd_age_ms_avg=35.67 detections=11 sent=10
15:23:26 INFO    [FAILSAFE] frame_queue_summary ， frames_received=25 frames_processed=25 frames_dropped=0 drop_rate=0.0 queue_depth=1 queue_depth_max=1
15:23:26 INFO    [FAILSAFE] telemetry_summary ， accepted=10 batt_v_avg=8.0 last_cmd_age_ms_avg=61.8 detections=15 sent=10
15:23:27 INFO    [FAILSAFE] frame_queue_summary ， frames_received=25 frames_processed=25 frames_dropped=0 drop_rate=0.0 queue_depth=1 queue_depth_max=1
15:23:27 INFO    [FAILSAFE] telemetry_summary ， accepted=9 batt_v_avg=8.0 last_cmd_age_ms_avg=52.33 detections=15 sent=10
15:23:28 INFO    [FAILSAFE] frame_queue_summary ， frames_received=24 frames_processed=24 frames_dropped=0 drop_rate=0.0 queue_depth=1 queue_depth_max=1
15:23:28 INFO    [FAILSAFE] telemetry_summary ， accepted=9 batt_v_avg=8.0 last_cmd_age_ms_avg=51.89 detections=11 sent=10
15:23:29 INFO    [FAILSAFE] frame_queue_summary ， frames_received=25 frames_processed=25 frames_dropped=0 drop_rate=0.0 queue_depth=1 queue_depth_max=1
15:23:29 INFO    [FAILSAFE] telemetry_summary ， accepted=10 batt_v_avg=8.0 last_cmd_age_ms_avg=33.7 detections=16 sent=10
15:23:30 INFO    [FAILSAFE] frame_queue_summary ， frames_received=24 frames_processed=25 frames_dropped=0 drop_rate=0.0 queue_depth=0 queue_depth_max=1 latest_age_ms=13 latest_seq=14097
15:23:30 INFO    [FAILSAFE] telemetry_summary ， accepted=9 batt_v_avg=8.0 last_cmd_age_ms_avg=38.33 detections=12 sent=10
15:23:31 INFO    [FAILSAFE] frame_queue_summary ， frames_received=25 frames_processed=24 frames_dropped=0 drop_rate=0.0 queue_depth=1 queue_depth_max=1
15:23:31 INFO    [FAILSAFE] telemetry_summary ， accepted=10 batt_v_avg=8.0 last_cmd_age_ms_avg=33.5 detections=18 sent=10
15:23:32 INFO    [FAILSAFE] frame_queue_summary ， frames_received=24 frames_processed=25 frames_dropped=0 drop_rate=0.0 queue_depth=0 queue_depth_max=1
15:23:32 INFO    [FAILSAFE] telemetry_summary ， accepted=10 batt_v_avg=8.0 last_cmd_age_ms_avg=76.0 detections=14 sent=10
15:23:33 INFO    [FAILSAFE] frame_queue_summary ， frames_received=25 frames_processed=25 frames_dropped=0 drop_rate=0.0 queue_depth=0 queue_depth_max=1 latest_age_ms=19 latest_seq=14171
15:23:33 INFO    [FAILSAFE] telemetry_summary ， detections=10 sent=10 accepted=9 batt_v_avg=8.0 last_cmd_age_ms_avg=34.11
15:23:34 INFO    [FAILSAFE] frame_queue_summary ， frames_received=26 frames_processed=25 frames_dropped=0 drop_rate=0.0 queue_depth=1 queue_depth_max=1
15:23:34 INFO    [FAILSAFE] telemetry_summary ， accepted=9 batt_v_avg=8.0 last_cmd_age_ms_avg=52.0 detections=11 sent=10
15:23:35 INFO    [FAILSAFE] frame_queue_summary ， frames_received=24 frames_processed=24 frames_dropped=0 drop_rate=0.0 queue_depth=1 queue_depth_max=1
15:23:35 INFO    [FAILSAFE] telemetry_summary ， accepted=10 batt_v_avg=8.0 last_cmd_age_ms_avg=26.4 detections=15 sent=10
15:23:36 INFO    [FAILSAFE] frame_queue_summary ， frames_received=24 frames_processed=25 frames_dropped=0 drop_rate=0.0 queue_depth=0 queue_depth_max=1
15:23:36 INFO    [FAILSAFE] telemetry_summary ， accepted=9 batt_v_avg=8.0 last_cmd_age_ms_avg=69.89 detections=10 sent=10
15:23:37 INFO    [FAILSAFE] frame_queue_summary ， frames_received=25 frames_processed=25 frames_dropped=0 drop_rate=0.0 queue_depth=0 queue_depth_max=1 latest_age_ms=13 latest_seq=14270
15:23:37 INFO    [FAILSAFE] telemetry_summary ， accepted=10 batt_v_avg=8.0 last_cmd_age_ms_avg=31.3 detections=17 sent=10
15:23:38 INFO    [FAILSAFE] frame_queue_summary ， frames_received=25 frames_processed=24 frames_dropped=0 drop_rate=0.0 queue_depth=1 queue_depth_max=1
15:23:38 INFO    [FAILSAFE] telemetry_summary ， accepted=9 batt_v_avg=8.0 last_cmd_age_ms_avg=63.11 detections=12 sent=10
15:23:39 INFO    [FAILSAFE] frame_queue_summary ， frames_received=24 frames_processed=25 frames_dropped=0 drop_rate=0.0 queue_depth=0 queue_depth_max=1
15:23:39 INFO    [FAILSAFE] telemetry_summary ， accepted=10 batt_v_avg=8.0 last_cmd_age_ms_avg=25.5 detections=19 sent=10
15:23:40 INFO    [FAILSAFE] frame_queue_summary ， frames_received=25 frames_processed=25 frames_dropped=0 drop_rate=0.0 queue_depth=0 queue_depth_max=1
15:23:40 INFO    [FAILSAFE] telemetry_summary ， accepted=9 batt_v_avg=8.0 last_cmd_age_ms_avg=35.78 detections=15 sent=10
15:23:41 INFO    [FAILSAFE] frame_queue_summary ， frames_received=25 frames_processed=25 frames_dropped=0 drop_rate=0.0 queue_depth=0 queue_depth_max=1 latest_age_ms=19 latest_seq=14369
15:23:41 INFO    [FAILSAFE] telemetry_summary ， accepted=10 batt_v_avg=8.0 last_cmd_age_ms_avg=62.2 detections=16 sent=10
15:23:42 INFO    [FAILSAFE] frame_queue_summary ， frames_received=25 frames_processed=24 frames_dropped=0 drop_rate=0.0 queue_depth=1 queue_depth_max=1
15:23:42 INFO    [FAILSAFE] telemetry_summary ， detections=14 sent=10 accepted=9 batt_v_avg=8.0 last_cmd_age_ms_avg=23.67
15:23:43 INFO    [FAILSAFE] frame_queue_summary ， frames_received=24 frames_processed=25 frames_dropped=0 drop_rate=0.0 queue_depth=0 queue_depth_max=1
15:23:43 INFO    [FAILSAFE] telemetry_summary ， accepted=10 batt_v_avg=8.0 last_cmd_age_ms_avg=53.4 detections=19 sent=10
15:23:44 INFO    [FAILSAFE] frame_queue_summary ， frames_received=25 frames_processed=25 frames_dropped=0 drop_rate=0.0 queue_depth=0 queue_depth_max=1 latest_age_ms=23 latest_seq=14443
15:23:44 INFO    [FAILSAFE] telemetry_summary ， accepted=9 batt_v_avg=8.0 last_cmd_age_ms_avg=48.67 detections=12 sent=10
15:23:45 INFO    [FAILSAFE] frame_queue_summary ， frames_received=25 frames_processed=24 frames_dropped=0 drop_rate=0.0 queue_depth=1 queue_depth_max=1
15:23:45 INFO    [FAILSAFE] telemetry_summary ， accepted=10 batt_v_avg=8.0 last_cmd_age_ms_avg=48.9 detections=18 sent=10
15:23:46 INFO    [FAILSAFE] frame_queue_summary ， frames_received=24 frames_processed=25 frames_dropped=0 drop_rate=0.0 queue_depth=0 queue_depth_max=1
15:23:46 INFO    [FAILSAFE] telemetry_summary ， accepted=9 batt_v_avg=8.0 last_cmd_age_ms_avg=44.89 detections=14 sent=10
15:23:47 INFO    [FAILSAFE] frame_queue_summary ， frames_received=25 frames_processed=25 frames_dropped=0 drop_rate=0.0 queue_depth=0 queue_depth_max=1
15:23:47 INFO    [FAILSAFE] telemetry_summary ， accepted=9 batt_v_avg=8.0 last_cmd_age_ms_avg=37.67 detections=12 sent=10
15:23:48 INFO    [FAILSAFE] frame_queue_summary ， frames_received=25 frames_processed=25 frames_dropped=0 drop_rate=0.0 queue_depth=0 queue_depth_max=1 latest_age_ms=13 latest_seq=14542
15:23:48 INFO    [FAILSAFE] telemetry_summary ， accepted=10 batt_v_avg=8.0 last_cmd_age_ms_avg=48.8 detections=19 sent=10
15:23:49 INFO    [FAILSAFE] frame_queue_summary ， frames_received=25 frames_processed=24 frames_dropped=0 drop_rate=0.0 queue_depth=1 queue_depth_max=1
15:23:49 INFO    [FAILSAFE] telemetry_summary ， accepted=9 batt_v_avg=8.0 last_cmd_age_ms_avg=35.67 detections=14 sent=10
15:23:50 INFO    [FAILSAFE] frame_queue_summary ， frames_received=24 frames_processed=25 frames_dropped=0 drop_rate=0.0 queue_depth=0 queue_depth_max=1
15:23:50 INFO    [FAILSAFE] telemetry_summary ， accepted=10 batt_v_avg=8.0 last_cmd_age_ms_avg=33.2 detections=18 sent=10
15:23:51 INFO    [FAILSAFE] frame_queue_summary ， frames_received=25 frames_processed=25 frames_dropped=0 drop_rate=0.0 queue_depth=0 queue_depth_max=1 latest_age_ms=28 latest_seq=14616
15:23:51 INFO    [FAILSAFE] telemetry_summary ， accepted=9 batt_v_avg=8.0 last_cmd_age_ms_avg=63.56 detections=14 sent=10
15:23:52 INFO    [FAILSAFE] frame_queue_summary ， frames_received=25 frames_processed=24 frames_dropped=0 drop_rate=0.0 queue_depth=1 queue_depth_max=1
15:23:52 INFO    [FAILSAFE] telemetry_summary ， accepted=10 batt_v_avg=8.0 last_cmd_age_ms_avg=40.3 detections=17 sent=10
15:23:53 INFO    [FAILSAFE] frame_queue_summary ， frames_received=24 frames_processed=25 frames_dropped=0 drop_rate=0.0 queue_depth=0 queue_depth_max=1
15:23:53 INFO    [FAILSAFE] telemetry_summary ， accepted=9 batt_v_avg=8.0 last_cmd_age_ms_avg=70.67 detections=12 sent=10
15:23:54 INFO    [FAILSAFE] frame_queue_summary ， frames_received=25 frames_processed=25 frames_dropped=0 drop_rate=0.0 queue_depth=0 queue_depth_max=1
15:23:54 INFO    [FAILSAFE] telemetry_summary ， accepted=10 batt_v_avg=8.0 last_cmd_age_ms_avg=15.2 detections=13 sent=10
15:23:55 INFO    [FAILSAFE] frame_queue_summary ， frames_received=25 frames_processed=25 frames_dropped=0 drop_rate=0.0 queue_depth=0 queue_depth_max=1 latest_age_ms=18 latest_seq=14715
15:23:55 INFO    [FAILSAFE] telemetry_summary ， accepted=10 batt_v_avg=8.0 last_cmd_age_ms_avg=56.4 detections=18 sent=10
15:23:56 INFO    [FAILSAFE] frame_queue_summary ， frames_received=25 frames_processed=24 frames_dropped=0 drop_rate=0.0 queue_depth=1 queue_depth_max=1
15:23:56 INFO    [FAILSAFE] telemetry_summary ， accepted=9 batt_v_avg=8.0 last_cmd_age_ms_avg=48.44 detections=8 sent=10
15:23:57 INFO    [FAILSAFE] frame_queue_summary ， frames_received=24 frames_processed=25 frames_dropped=0 drop_rate=0.0 queue_depth=0 queue_depth_max=1
15:23:57 INFO    [FAILSAFE] telemetry_summary ， accepted=10 batt_v_avg=8.0 last_cmd_age_ms_avg=21.6 detections=12 sent=10
15:23:58 INFO    [FAILSAFE] frame_queue_summary ， frames_received=25 frames_processed=25 frames_dropped=0 drop_rate=0.0 queue_depth=0 queue_depth_max=1 latest_age_ms=16 latest_seq=14789
15:23:58 INFO    [FAILSAFE] telemetry_summary ， accepted=10 batt_v_avg=8.0 last_cmd_age_ms_avg=56.3 detections=13 sent=10
15:23:59 INFO    [FAILSAFE] frame_queue_summary ， frames_received=25 frames_processed=25 frames_dropped=0 drop_rate=0.0 queue_depth=0 queue_depth_max=1 latest_age_ms=20 latest_seq=14814
15:23:59 INFO    [FAILSAFE] telemetry_summary ， accepted=9 batt_v_avg=8.0 last_cmd_age_ms_avg=40.33 detections=8 sent=10
15:24:00 INFO    [FAILSAFE] frame_queue_summary ， frames_received=25 frames_processed=24 frames_dropped=0 drop_rate=0.0 queue_depth=1 queue_depth_max=1
15:24:00 INFO    [FAILSAFE] telemetry_summary ， accepted=9 batt_v_avg=8.0 last_cmd_age_ms_avg=60.56 detections=13 sent=10
15:24:01 INFO    [FAILSAFE] frame_queue_summary ， frames_received=25 frames_processed=25 frames_dropped=0 drop_rate=0.0 queue_depth=1 queue_depth_max=1
15:24:01 INFO    [FAILSAFE] telemetry_summary ， accepted=10 batt_v_avg=8.0 last_cmd_age_ms_avg=31.6 detections=16 sent=10
15:24:02 INFO    [FAILSAFE] frame_queue_summary ， frames_received=24 frames_processed=25 frames_dropped=0 drop_rate=0.0 queue_depth=0 queue_depth_max=1
15:24:02 INFO    [FAILSAFE] telemetry_summary ， accepted=9 batt_v_avg=8.0 last_cmd_age_ms_avg=50.11 detections=11 sent=10
15:24:03 INFO    [FAILSAFE] frame_queue_summary ， frames_received=25 frames_processed=25 frames_dropped=0 drop_rate=0.0 queue_depth=0 queue_depth_max=1
15:24:03 INFO    [FAILSAFE] telemetry_summary ， accepted=10 batt_v_avg=8.0 last_cmd_age_ms_avg=28.4 detections=16 sent=10
15:24:04 INFO    [FAILSAFE] frame_queue_summary ， frames_received=25 frames_processed=25 frames_dropped=0 drop_rate=0.0 queue_depth=0 queue_depth_max=1 latest_age_ms=16 latest_seq=14938
15:24:04 INFO    [FAILSAFE] telemetry_summary ， accepted=9 batt_v_avg=8.0 last_cmd_age_ms_avg=60.44 detections=17 sent=10
15:24:05 INFO    [FAILSAFE] frame_queue_summary ， frames_received=25 frames_processed=24 frames_dropped=0 drop_rate=0.0 queue_depth=1 queue_depth_max=1
15:24:05 INFO    [FAILSAFE] telemetry_summary ， accepted=10 batt_v_avg=8.0 last_cmd_age_ms_avg=36.4 detections=18 sent=10
15:24:06 INFO    [FAILSAFE] frame_queue_summary ， frames_received=24 frames_processed=25 frames_dropped=0 drop_rate=0.0 queue_depth=0 queue_depth_max=1
15:24:06 INFO    [FAILSAFE] telemetry_summary ， accepted=9 batt_v_avg=8.0 last_cmd_age_ms_avg=46.89 detections=14 sent=10
15:24:07 INFO    [FAILSAFE] frame_queue_summary ， frames_received=25 frames_processed=25 frames_dropped=0 drop_rate=0.0 queue_depth=0 queue_depth_max=1
15:24:07 INFO    [FAILSAFE] telemetry_summary ， accepted=9 batt_v_avg=8.0 last_cmd_age_ms_avg=62.22 detections=12 sent=10
15:24:08 INFO    [FAILSAFE] frame_queue_summary ， frames_received=25 frames_processed=24 frames_dropped=0 drop_rate=0.0 queue_depth=1 queue_depth_max=1
15:24:08 INFO    [FAILSAFE] telemetry_summary ， accepted=9 batt_v_avg=8.0 last_cmd_age_ms_avg=8.89 detections=12 sent=10
15:24:09 INFO    [FAILSAFE] frame_queue_summary ， frames_received=25 frames_processed=25 frames_dropped=0 drop_rate=0.0 queue_depth=1 queue_depth_max=1
15:24:09 INFO    [FAILSAFE] telemetry_summary ， accepted=10 batt_v_avg=8.0 last_cmd_age_ms_avg=24.3 detections=17 sent=10
15:24:10 INFO    [FAILSAFE] frame_queue_summary ， frames_received=25 frames_processed=25 frames_dropped=0 drop_rate=0.0 queue_depth=1 queue_depth_max=1
15:24:10 INFO    [FAILSAFE] telemetry_summary ， accepted=9 batt_v_avg=8.0 last_cmd_age_ms_avg=66.78 detections=15 sent=10
15:24:11 INFO    [FAILSAFE] frame_queue_summary ， frames_received=24 frames_processed=25 frames_dropped=0 drop_rate=0.0 queue_depth=0 queue_depth_max=1
15:24:11 INFO    [FAILSAFE] telemetry_summary ， accepted=10 batt_v_avg=8.0 last_cmd_age_ms_avg=19.7 detections=15 sent=10
15:24:12 INFO    [FAILSAFE] frame_queue_summary ， frames_received=25 frames_processed=25 frames_dropped=0 drop_rate=0.0 queue_depth=0 queue_depth_max=1 latest_age_ms=13 latest_seq=15136
15:24:12 INFO    [FAILSAFE] telemetry_summary ， accepted=10 batt_v_avg=8.0 last_cmd_age_ms_avg=65.6 detections=17 sent=10
15:24:13 INFO    [FAILSAFE] frame_queue_summary ， frames_received=25 frames_processed=24 frames_dropped=0 drop_rate=0.0 queue_depth=1 queue_depth_max=1
15:24:13 INFO    [FAILSAFE] telemetry_summary ， accepted=9 batt_v_avg=8.0 last_cmd_age_ms_avg=42.44 detections=10 sent=10
15:24:14 INFO    [FAILSAFE] frame_queue_summary ， frames_received=25 frames_processed=25 frames_dropped=0 drop_rate=0.0 queue_depth=1 queue_depth_max=1
15:24:14 INFO    [FAILSAFE] telemetry_summary ， accepted=10 batt_v_avg=8.0 last_cmd_age_ms_avg=25.8 detections=17 sent=10
15:24:15 INFO    [FAILSAFE] frame_queue_summary ， frames_received=25 frames_processed=25 frames_dropped=0 drop_rate=0.0 queue_depth=1 queue_depth_max=1
15:24:15 INFO    [FAILSAFE] telemetry_summary ， accepted=10 batt_v_avg=8.0 last_cmd_age_ms_avg=50.9 detections=20 sent=10
15:24:16 INFO    [FAILSAFE] frame_queue_summary ， frames_received=24 frames_processed=25 frames_dropped=0 drop_rate=0.0 queue_depth=0 queue_depth_max=1 latest_age_ms=10 latest_seq=15235
15:24:16 INFO    [FAILSAFE] telemetry_summary ， accepted=9 batt_v_avg=8.0 last_cmd_age_ms_avg=67.78 detections=16 sent=10
15:24:17 INFO    [FAILSAFE] frame_queue_summary ， frames_received=25 frames_processed=24 frames_dropped=0 drop_rate=0.0 queue_depth=1 queue_depth_max=1
15:24:17 INFO    [FAILSAFE] telemetry_summary ， accepted=10 batt_v_avg=8.0 last_cmd_age_ms_avg=24.2 detections=15 sent=10
15:24:18 INFO    [FAILSAFE] frame_queue_summary ， frames_received=24 frames_processed=25 frames_dropped=0 drop_rate=0.0 queue_depth=0 queue_depth_max=1
15:24:18 INFO    [FAILSAFE] telemetry_summary ， accepted=10 batt_v_avg=8.0 last_cmd_age_ms_avg=57.3 detections=18 sent=10
15:24:19 INFO    [FAILSAFE] frame_queue_summary ， frames_received=25 frames_processed=25 frames_dropped=0 drop_rate=0.0 queue_depth=0 queue_depth_max=1 latest_age_ms=12 latest_seq=15309
15:24:19 INFO    [FAILSAFE] telemetry_summary ， accepted=9 batt_v_avg=8.0 last_cmd_age_ms_avg=36.89 detections=11 sent=10
15:24:20 INFO    [FAILSAFE] frame_queue_summary ， frames_received=25 frames_processed=24 frames_dropped=0 drop_rate=0.0 queue_depth=1 queue_depth_max=1
15:24:20 INFO    [FAILSAFE] telemetry_summary ， accepted=10 batt_v_avg=8.0 last_cmd_age_ms_avg=48.1 detections=18 sent=10
15:24:21 INFO    [FAILSAFE] frame_queue_summary ， frames_received=25 frames_processed=25 frames_dropped=0 drop_rate=0.0 queue_depth=1 queue_depth_max=1
15:24:21 INFO    [FAILSAFE] telemetry_summary ， accepted=9 batt_v_avg=8.0 last_cmd_age_ms_avg=37.56 detections=12 sent=10
15:24:22 INFO    [FAILSAFE] frame_queue_summary ， frames_received=25 frames_processed=25 frames_dropped=0 drop_rate=0.0 queue_depth=1 queue_depth_max=1
15:24:22 INFO    [FAILSAFE] telemetry_summary ， accepted=10 batt_v_avg=8.0 last_cmd_age_ms_avg=32.0 detections=16 sent=10
15:24:23 INFO    [FAILSAFE] frame_queue_summary ， frames_received=24 frames_processed=25 frames_dropped=0 drop_rate=0.0 queue_depth=0 queue_depth_max=1
15:24:23 INFO    [FAILSAFE] telemetry_summary ， accepted=10 batt_v_avg=8.0 last_cmd_age_ms_avg=64.2 detections=14 sent=10
15:24:24 INFO    [FAILSAFE] frame_queue_summary ， frames_received=25 frames_processed=24 frames_dropped=0 drop_rate=0.0 queue_depth=1 queue_depth_max=1
15:24:24 INFO    [FAILSAFE] telemetry_summary ， detections=13 sent=10 accepted=9 batt_v_avg=8.0 last_cmd_age_ms_avg=26.67
15:24:25 INFO    [FAILSAFE] frame_queue_summary ， frames_received=25 frames_processed=25 frames_dropped=0 drop_rate=0.0 queue_depth=1 queue_depth_max=1
15:24:25 INFO    [FAILSAFE] telemetry_summary ， accepted=10 batt_v_avg=8.0 last_cmd_age_ms_avg=56.7 detections=20 sent=10
15:24:26 INFO    [FAILSAFE] frame_queue_summary ， frames_received=25 frames_processed=25 frames_dropped=0 drop_rate=0.0 queue_depth=1 queue_depth_max=1
15:24:26 INFO    [FAILSAFE] telemetry_summary ， accepted=9 batt_v_avg=8.0 last_cmd_age_ms_avg=42.44 detections=13 sent=10
15:24:27 INFO    [FAILSAFE] frame_queue_summary ， frames_received=24 frames_processed=25 frames_dropped=0 drop_rate=0.0 queue_depth=0 queue_depth_max=1 latest_age_ms=9 latest_seq=15507
15:24:27 INFO    [FAILSAFE] telemetry_summary ， accepted=10 batt_v_avg=8.0 last_cmd_age_ms_avg=33.1 detections=18 sent=10
15:24:28 INFO    [FAILSAFE] frame_queue_summary ， frames_received=25 frames_processed=24 frames_dropped=0 drop_rate=0.0 queue_depth=1 queue_depth_max=1
15:24:28 INFO    [FAILSAFE] telemetry_summary ， accepted=9 batt_v_avg=8.0 last_cmd_age_ms_avg=46.67 detections=12 sent=10
15:24:29 INFO    [FAILSAFE] frame_queue_summary ， frames_received=25 frames_processed=25 frames_dropped=0 drop_rate=0.0 queue_depth=1 queue_depth_max=1
15:24:29 INFO    [FAILSAFE] telemetry_summary ， accepted=10 batt_v_avg=8.0 last_cmd_age_ms_avg=32.7 detections=17 sent=10
15:24:30 INFO    [FAILSAFE] frame_queue_summary ， frames_received=25 frames_processed=25 frames_dropped=0 drop_rate=0.0 queue_depth=1 queue_depth_max=1
15:24:30 INFO    [FAILSAFE] telemetry_summary ， accepted=9 batt_v_avg=8.0 last_cmd_age_ms_avg=38.22 detections=13 sent=10
15:24:31 INFO    [FAILSAFE] frame_queue_summary ， frames_received=24 frames_processed=25 frames_dropped=0 drop_rate=0.0 queue_depth=0 queue_depth_max=1 latest_age_ms=8 latest_seq=15606
15:24:31 INFO    [FAILSAFE] telemetry_summary ， accepted=10 batt_v_avg=8.0 last_cmd_age_ms_avg=47.5 detections=19 sent=10
15:24:32 INFO    [FAILSAFE] frame_queue_summary ， frames_received=24 frames_processed=24 frames_dropped=0 drop_rate=0.0 queue_depth=0 queue_depth_max=1
15:24:32 INFO    [FAILSAFE] telemetry_summary ， accepted=9 batt_v_avg=8.0 last_cmd_age_ms_avg=57.0 detections=13 sent=10
15:24:33 INFO    [FAILSAFE] frame_queue_summary ， frames_received=26 frames_processed=25 frames_dropped=0 drop_rate=0.0 queue_depth=1 queue_depth_max=1
15:24:33 INFO    [FAILSAFE] telemetry_summary ， accepted=10 batt_v_avg=8.0 last_cmd_age_ms_avg=31.7 detections=15 sent=10
15:24:34 INFO    [FAILSAFE] frame_queue_summary ， frames_received=25 frames_processed=25 frames_dropped=0 drop_rate=0.0 queue_depth=1 queue_depth_max=1
15:24:34 INFO    [FAILSAFE] telemetry_summary ， accepted=9 batt_v_avg=8.0 last_cmd_age_ms_avg=74.44 detections=15 sent=10
15:24:35 INFO    [FAILSAFE] frame_queue_summary ， frames_received=24 frames_processed=25 frames_dropped=0 drop_rate=0.0 queue_depth=0 queue_depth_max=1 latest_age_ms=11 latest_seq=15705
15:24:35 INFO    [FAILSAFE] telemetry_summary ， accepted=10 batt_v_avg=8.0 last_cmd_age_ms_avg=47.9 detections=12 sent=10
15:24:36 INFO    [FAILSAFE] person_cleared ， hits=0 required=3 window_ms=300 score=0.0
15:24:36 INFO    [FAILSAFE] person_gate ， present=False hits=0 score=0.0
15:24:36 INFO    [FAILSAFE] frame_queue_summary ， frames_received=25 frames_processed=25 frames_dropped=0 drop_rate=0.0 queue_depth=0 queue_depth_max=1 latest_age_ms=4 latest_seq=15730
15:24:36 INFO    [FAILSAFE] telemetry_summary ， accepted=9 batt_v_avg=8.0 last_cmd_age_ms_avg=25.89 detections=2 sent=10
15:24:36 INFO    [FAILSAFE] person_present ， hits=3 required=3 window_ms=300 score=0.655
15:24:36 INFO    [FAILSAFE] person_gate ， present=True hits=3 score=0.655
15:24:36 INFO    [FAILSAFE] blackbox_recorded ， event_type=person_found ts_ms=1789453476923 meta_path=C:\dev\mechadog-camdock\blackbox\1789453476923_person_found\meta.json
15:24:37 INFO    [FAILSAFE] frame_queue_summary ， frames_received=25 frames_processed=24 frames_dropped=0 drop_rate=0.0 queue_depth=1 queue_depth_max=1
15:24:37 INFO    [FAILSAFE] telemetry_summary ， accepted=10 batt_v_avg=8.0 last_cmd_age_ms_avg=54.7 detections=13 sent=10
15:24:38 INFO    [FAILSAFE] frame_queue_summary ， frames_received=25 frames_processed=25 frames_dropped=0 drop_rate=0.0 queue_depth=1 queue_depth_max=1
15:24:38 INFO    [FAILSAFE] telemetry_summary ， detections=16 sent=10 accepted=9 batt_v_avg=8.0 last_cmd_age_ms_avg=22.22
15:24:39 INFO    [FAILSAFE] frame_queue_summary ， frames_received=24 frames_processed=25 frames_dropped=0 drop_rate=0.0 queue_depth=0 queue_depth_max=1 latest_age_ms=12 latest_seq=15804
15:24:39 INFO    [FAILSAFE] telemetry_summary ， accepted=9 batt_v_avg=8.0 last_cmd_age_ms_avg=51.22 detections=16 sent=10
15:24:40 INFO    [FAILSAFE] frame_queue_summary ， frames_received=25 frames_processed=24 frames_dropped=0 drop_rate=0.0 queue_depth=1 queue_depth_max=1
15:24:40 INFO    [FAILSAFE] telemetry_summary ， accepted=10 batt_v_avg=8.0 last_cmd_age_ms_avg=42.4 detections=18 sent=10
15:24:41 INFO    [FAILSAFE] frame_queue_summary ， frames_received=24 frames_processed=25 frames_dropped=0 drop_rate=0.0 queue_depth=0 queue_depth_max=1
15:24:41 INFO    [FAILSAFE] telemetry_summary ， accepted=9 batt_v_avg=8.0 last_cmd_age_ms_avg=59.22 detections=11 sent=10
15:24:42 INFO    [FAILSAFE] frame_queue_summary ， frames_received=26 frames_processed=25 frames_dropped=0 drop_rate=0.0 queue_depth=1 queue_depth_max=1
15:24:42 INFO    [FAILSAFE] telemetry_summary ， accepted=10 batt_v_avg=8.0 last_cmd_age_ms_avg=45.4 detections=17 sent=10
15:24:43 INFO    [FAILSAFE] frame_queue_summary ， frames_received=24 frames_processed=24 frames_dropped=0 drop_rate=0.0 queue_depth=1 queue_depth_max=1
15:24:43 INFO    [FAILSAFE] telemetry_summary ， accepted=9 batt_v_avg=8.0 last_cmd_age_ms_avg=46.44 detections=12 sent=10
15:24:44 INFO    [FAILSAFE] frame_queue_summary ， frames_received=24 frames_processed=25 frames_dropped=0 drop_rate=0.0 queue_depth=0 queue_depth_max=1
15:24:44 INFO    [FAILSAFE] telemetry_summary ， accepted=10 batt_v_avg=8.0 last_cmd_age_ms_avg=64.7 detections=15 sent=10
15:24:45 INFO    [FAILSAFE] frame_queue_summary ， frames_received=26 frames_processed=25 frames_dropped=0 drop_rate=0.0 queue_depth=1 queue_depth_max=1
15:24:45 INFO    [FAILSAFE] telemetry_summary ， detections=16 sent=10 accepted=9 batt_v_avg=8.0 last_cmd_age_ms_avg=25.67
15:24:46 INFO    [FAILSAFE] frame_queue_summary ， frames_received=25 frames_processed=25 frames_dropped=0 drop_rate=0.0 queue_depth=1 queue_depth_max=1
15:24:46 INFO    [FAILSAFE] telemetry_summary ， accepted=10 batt_v_avg=8.0 last_cmd_age_ms_avg=69.4 detections=17 sent=10
15:24:47 INFO    [FAILSAFE] frame_queue_summary ， frames_received=24 frames_processed=24 frames_dropped=0 drop_rate=0.0 queue_depth=1 queue_depth_max=1
15:24:47 INFO    [FAILSAFE] telemetry_summary ， accepted=9 batt_v_avg=8.0 last_cmd_age_ms_avg=24.0 detections=10 sent=10
15:24:48 INFO    [FAILSAFE] frame_queue_summary ， frames_received=24 frames_processed=25 frames_dropped=0 drop_rate=0.0 queue_depth=0 queue_depth_max=1
15:24:48 INFO    [FAILSAFE] telemetry_summary ， accepted=10 batt_v_avg=8.0 last_cmd_age_ms_avg=54.6 detections=19 sent=10
15:24:49 INFO    [FAILSAFE] frame_queue_summary ， frames_received=26 frames_processed=25 frames_dropped=0 drop_rate=0.0 queue_depth=1 queue_depth_max=1
15:24:49 INFO    [FAILSAFE] telemetry_summary ， accepted=9 batt_v_avg=8.0 last_cmd_age_ms_avg=51.22 detections=13 sent=10
15:24:50 INFO    [FAILSAFE] frame_queue_summary ， frames_received=24 frames_processed=25 frames_dropped=0 drop_rate=0.0 queue_depth=0 queue_depth_max=1 latest_age_ms=14 latest_seq=16076
15:24:50 INFO    [FAILSAFE] telemetry_summary ， accepted=9 batt_v_avg=8.0 last_cmd_age_ms_avg=55.89 detections=12 sent=10
15:24:51 INFO    [FAILSAFE] frame_queue_summary ， frames_received=25 frames_processed=24 frames_dropped=0 drop_rate=0.0 queue_depth=1 queue_depth_max=1
15:24:51 INFO    [FAILSAFE] telemetry_summary ， accepted=10 batt_v_avg=8.0 last_cmd_age_ms_avg=35.6 detections=18 sent=10
15:24:52 INFO    [FAILSAFE] frame_queue_summary ， frames_received=24 frames_processed=25 frames_dropped=0 drop_rate=0.0 queue_depth=0 queue_depth_max=1
15:24:52 INFO    [FAILSAFE] telemetry_summary ， accepted=9 batt_v_avg=8.0 last_cmd_age_ms_avg=58.33 detections=15 sent=10
15:24:53 INFO    [FAILSAFE] frame_queue_summary ， frames_received=25 frames_processed=25 frames_dropped=0 drop_rate=0.0 queue_depth=0 queue_depth_max=1 latest_age_ms=22 latest_seq=16150
15:24:53 INFO    [FAILSAFE] telemetry_summary ， accepted=10 batt_v_avg=8.0 last_cmd_age_ms_avg=25.5 detections=17 sent=10
15:24:54 INFO    [FAILSAFE] frame_queue_summary ， frames_received=25 frames_processed=25 frames_dropped=0 drop_rate=0.0 queue_depth=0 queue_depth_max=1 latest_age_ms=12 latest_seq=16175
15:24:54 INFO    [FAILSAFE] telemetry_summary ， accepted=10 batt_v_avg=8.0 last_cmd_age_ms_avg=52.2 detections=20 sent=10
15:24:55 INFO    [FAILSAFE] frame_queue_summary ， frames_received=25 frames_processed=24 frames_dropped=0 drop_rate=0.0 queue_depth=1 queue_depth_max=1
15:24:55 INFO    [FAILSAFE] telemetry_summary ， accepted=9 batt_v_avg=8.0 last_cmd_age_ms_avg=50.44 detections=15 sent=10
15:24:56 INFO    [FAILSAFE] frame_queue_summary ， frames_received=24 frames_processed=25 frames_dropped=0 drop_rate=0.0 queue_depth=0 queue_depth_max=1
15:24:56 INFO    [FAILSAFE] telemetry_summary ， accepted=10 batt_v_avg=8.0 last_cmd_age_ms_avg=23.8 detections=13 sent=10
15:24:57 INFO    [FAILSAFE] frame_queue_summary ， frames_received=25 frames_processed=25 frames_dropped=0 drop_rate=0.0 queue_depth=0 queue_depth_max=1 latest_age_ms=24 latest_seq=16249
15:24:57 INFO    [FAILSAFE] telemetry_summary ， accepted=10 batt_v_avg=8.0 last_cmd_age_ms_avg=61.6 detections=17 sent=10
15:24:58 INFO    [FAILSAFE] frame_queue_summary ， frames_received=25 frames_processed=25 frames_dropped=0 drop_rate=0.0 queue_depth=0 queue_depth_max=1 latest_age_ms=15 latest_seq=16274
15:24:58 INFO    [FAILSAFE] telemetry_summary ， accepted=9 batt_v_avg=8.0 last_cmd_age_ms_avg=36.22 detections=10 sent=10
15:24:59 INFO    [FAILSAFE] frame_queue_summary ， frames_received=25 frames_processed=24 frames_dropped=0 drop_rate=0.0 queue_depth=1 queue_depth_max=1
15:24:59 INFO    [FAILSAFE] telemetry_summary ， accepted=10 batt_v_avg=8.0 last_cmd_age_ms_avg=46.5 detections=17 sent=10
15:25:00 INFO    [FAILSAFE] frame_queue_summary ， frames_received=24 frames_processed=25 frames_dropped=0 drop_rate=0.0 queue_depth=0 queue_depth_max=1
15:25:00 INFO    [FAILSAFE] telemetry_summary ， detections=13 sent=10 accepted=9 batt_v_avg=8.0 last_cmd_age_ms_avg=29.11
15:25:01 INFO    [FAILSAFE] frame_queue_summary ， frames_received=25 frames_processed=25 frames_dropped=0 drop_rate=0.0 queue_depth=0 queue_depth_max=1
15:25:01 INFO    [FAILSAFE] telemetry_summary ， accepted=10 batt_v_avg=8.0 last_cmd_age_ms_avg=49.4 detections=19 sent=10
15:25:02 INFO    [FAILSAFE] frame_queue_summary ， frames_received=25 frames_processed=25 frames_dropped=0 drop_rate=0.0 queue_depth=0 queue_depth_max=1 latest_age_ms=20 latest_seq=16373
15:25:02 INFO    [FAILSAFE] telemetry_summary ， accepted=9 batt_v_avg=8.0 last_cmd_age_ms_avg=32.56 detections=13 sent=10
15:25:03 INFO    [FAILSAFE] frame_queue_summary ， frames_received=25 frames_processed=24 frames_dropped=0 drop_rate=0.0 queue_depth=1 queue_depth_max=1
15:25:03 INFO    [FAILSAFE] telemetry_summary ， accepted=10 batt_v_avg=8.0 last_cmd_age_ms_avg=61.5 detections=17 sent=10
15:25:04 INFO    [FAILSAFE] frame_queue_summary ， frames_received=24 frames_processed=25 frames_dropped=0 drop_rate=0.0 queue_depth=0 queue_depth_max=1
15:25:04 INFO    [FAILSAFE] telemetry_summary ， accepted=9 batt_v_avg=8.0 last_cmd_age_ms_avg=27.44 detections=14 sent=10
15:25:05 INFO    [FAILSAFE] frame_queue_summary ， frames_received=25 frames_processed=25 frames_dropped=0 drop_rate=0.0 queue_depth=0 queue_depth_max=1
15:25:05 INFO    [FAILSAFE] telemetry_summary ， accepted=9 batt_v_avg=8.0 last_cmd_age_ms_avg=60.67 detections=16 sent=10
15:25:06 INFO    [FAILSAFE] frame_queue_summary ， frames_received=25 frames_processed=25 frames_dropped=0 drop_rate=0.0 queue_depth=0 queue_depth_max=1 latest_age_ms=27 latest_seq=16472
15:25:06 INFO    [FAILSAFE] telemetry_summary ， accepted=9 batt_v_avg=8.0 last_cmd_age_ms_avg=70.56 detections=15 sent=10
15:25:07 INFO    [FAILSAFE] frame_queue_summary ， frames_received=25 frames_processed=24 frames_dropped=0 drop_rate=0.0 queue_depth=1 queue_depth_max=1
15:25:07 INFO    [FAILSAFE] telemetry_summary ， accepted=10 batt_v_avg=8.0 last_cmd_age_ms_avg=13.3 detections=14 sent=10
15:25:08 INFO    [FAILSAFE] frame_queue_summary ， frames_received=25 frames_processed=25 frames_dropped=0 drop_rate=0.0 queue_depth=1 queue_depth_max=1
15:25:08 INFO    [FAILSAFE] telemetry_summary ， accepted=10 batt_v_avg=8.0 last_cmd_age_ms_avg=44.8 detections=18 sent=10
15:25:09 INFO    [FAILSAFE] frame_queue_summary ， frames_received=24 frames_processed=25 frames_dropped=0 drop_rate=0.0 queue_depth=0 queue_depth_max=1
15:25:09 INFO    [FAILSAFE] telemetry_summary ， accepted=9 batt_v_avg=8.0 last_cmd_age_ms_avg=70.0 detections=13 sent=10
15:25:10 INFO    [FAILSAFE] frame_queue_summary ， frames_received=25 frames_processed=25 frames_dropped=0 drop_rate=0.0 queue_depth=0 queue_depth_max=1 latest_age_ms=14 latest_seq=16571
15:25:10 INFO    [FAILSAFE] telemetry_summary ， accepted=9 batt_v_avg=8.0 last_cmd_age_ms_avg=44.22 detections=14 sent=10
15:25:11 INFO    [FAILSAFE] frame_queue_summary ， frames_received=25 frames_processed=25 frames_dropped=0 drop_rate=0.0 queue_depth=0 queue_depth_max=1 latest_age_ms=21 latest_seq=16596
15:25:11 INFO    [FAILSAFE] telemetry_summary ， accepted=10 batt_v_avg=8.0 last_cmd_age_ms_avg=15.3 detections=14 sent=10
15:25:12 INFO    [FAILSAFE] frame_queue_summary ， frames_received=25 frames_processed=24 frames_dropped=0 drop_rate=0.0 queue_depth=1 queue_depth_max=1
15:25:12 INFO    [FAILSAFE] telemetry_summary ， accepted=10 batt_v_avg=8.0 last_cmd_age_ms_avg=48.6 detections=15 sent=10
15:25:13 INFO    [FAILSAFE] frame_queue_summary ， frames_received=25 frames_processed=25 frames_dropped=0 drop_rate=0.0 queue_depth=1 queue_depth_max=1
15:25:13 INFO    [FAILSAFE] telemetry_summary ， accepted=10 batt_v_avg=8.0 last_cmd_age_ms_avg=80.0 detections=16 sent=10
15:25:14 INFO    [FAILSAFE] frame_queue_summary ， frames_received=24 frames_processed=25 frames_dropped=0 drop_rate=0.0 queue_depth=0 queue_depth_max=1
15:25:14 INFO    [FAILSAFE] telemetry_summary ， accepted=9 batt_v_avg=8.0 last_cmd_age_ms_avg=21.44 detections=12 sent=10
15:25:15 INFO    [FAILSAFE] track_opened ， score=0.519
15:25:15 INFO    [FAILSAFE] frame_queue_summary ， frames_received=25 frames_processed=25 frames_dropped=0 drop_rate=0.0 queue_depth=0 queue_depth_max=1 latest_age_ms=9 latest_seq=16695
15:25:15 INFO    [FAILSAFE] telemetry_summary ， accepted=10 batt_v_avg=8.0 last_cmd_age_ms_avg=50.7 detections=20 sent=10
15:25:16 INFO    [FAILSAFE] frame_queue_summary ， frames_received=25 frames_processed=24 frames_dropped=0 drop_rate=0.0 queue_depth=1 queue_depth_max=1
15:25:16 INFO    [FAILSAFE] telemetry_summary ， accepted=9 batt_v_avg=8.0 last_cmd_age_ms_avg=71.11 detections=14 sent=10
15:25:17 INFO    [FAILSAFE] track_dropped ， reason=lost age_ms=1006
15:25:17 INFO    [FAILSAFE] frame_queue_summary ， frames_received=25 frames_processed=25 frames_dropped=0 drop_rate=0.0 queue_depth=1 queue_depth_max=1
15:25:17 INFO    [FAILSAFE] telemetry_summary ， accepted=10 batt_v_avg=8.0 last_cmd_age_ms_avg=25.6 detections=17 sent=10
15:25:18 INFO    [FAILSAFE] frame_queue_summary ， frames_received=24 frames_processed=25 frames_dropped=0 drop_rate=0.0 queue_depth=0 queue_depth_max=1
15:25:18 INFO    [FAILSAFE] telemetry_summary ， accepted=10 batt_v_avg=8.0 last_cmd_age_ms_avg=62.9 detections=16 sent=10
15:25:19 INFO    [FAILSAFE] frame_queue_summary ， frames_received=25 frames_processed=24 frames_dropped=0 drop_rate=0.0 queue_depth=1 queue_depth_max=1
15:25:19 INFO    [FAILSAFE] telemetry_summary ， accepted=9 batt_v_avg=8.0 last_cmd_age_ms_avg=27.78 detections=16 sent=10
15:25:20 INFO    [FAILSAFE] frame_queue_summary ， frames_received=24 frames_processed=25 frames_dropped=0 drop_rate=0.0 queue_depth=0 queue_depth_max=1
15:25:20 INFO    [FAILSAFE] telemetry_summary ， accepted=10 batt_v_avg=8.0 last_cmd_age_ms_avg=68.6 detections=17 sent=10
15:25:21 INFO    [FAILSAFE] frame_queue_summary ， frames_received=25 frames_processed=25 frames_dropped=0 drop_rate=0.0 queue_depth=0 queue_depth_max=1
15:25:21 INFO    [FAILSAFE] telemetry_summary ， detections=15 sent=10 accepted=9 batt_v_avg=8.0 last_cmd_age_ms_avg=22.89
15:25:22 INFO    [FAILSAFE] frame_queue_summary ， frames_received=25 frames_processed=25 frames_dropped=0 drop_rate=0.0 queue_depth=0 queue_depth_max=1 latest_age_ms=15 latest_seq=16868
15:25:22 INFO    [FAILSAFE] telemetry_summary ， accepted=9 batt_v_avg=8.0 last_cmd_age_ms_avg=65.11 detections=13 sent=10
15:25:23 INFO    [FAILSAFE] frame_queue_summary ， frames_received=25 frames_processed=24 frames_dropped=0 drop_rate=0.0 queue_depth=1 queue_depth_max=1
15:25:23 INFO    [FAILSAFE] telemetry_summary ， accepted=10 batt_v_avg=8.0 last_cmd_age_ms_avg=23.1 detections=11 sent=10
15:25:24 INFO    [FAILSAFE] frame_queue_summary ， frames_received=24 frames_processed=25 frames_dropped=0 drop_rate=0.0 queue_depth=0 queue_depth_max=1
15:25:24 INFO    [FAILSAFE] telemetry_summary ， accepted=9 batt_v_avg=8.0 last_cmd_age_ms_avg=49.33 detections=15 sent=10
15:25:25 INFO    [FAILSAFE] frame_queue_summary ， frames_received=25 frames_processed=25 frames_dropped=0 drop_rate=0.0 queue_depth=0 queue_depth_max=1 latest_age_ms=15 latest_seq=16942
15:25:25 INFO    [FAILSAFE] telemetry_summary ， accepted=10 batt_v_avg=8.0 last_cmd_age_ms_avg=37.5 detections=17 sent=10
15:25:26 INFO    [FAILSAFE] frame_queue_summary ， frames_received=25 frames_processed=24 frames_dropped=0 drop_rate=0.0 queue_depth=1 queue_depth_max=1
15:25:26 INFO    [FAILSAFE] telemetry_summary ， accepted=9 batt_v_avg=8.0 last_cmd_age_ms_avg=58.11 detections=12 sent=10
15:25:27 INFO    [FAILSAFE] frame_queue_summary ， frames_received=25 frames_processed=25 frames_dropped=0 drop_rate=0.0 queue_depth=1 queue_depth_max=1
15:25:27 INFO    [FAILSAFE] telemetry_summary ， accepted=10 batt_v_avg=8.0 last_cmd_age_ms_avg=45.7 detections=18 sent=10
15:25:28 INFO    [FAILSAFE] frame_queue_summary ， frames_received=24 frames_processed=25 frames_dropped=0 drop_rate=0.0 queue_depth=0 queue_depth_max=1
15:25:28 INFO    [FAILSAFE] telemetry_summary ， accepted=9 batt_v_avg=8.0 last_cmd_age_ms_avg=54.44 detections=13 sent=10
15:25:29 INFO    [FAILSAFE] frame_queue_summary ， frames_received=25 frames_processed=25 frames_dropped=0 drop_rate=0.0 queue_depth=0 queue_depth_max=1 latest_age_ms=8 latest_seq=17041
15:25:29 INFO    [FAILSAFE] telemetry_summary ， accepted=10 batt_v_avg=8.0 last_cmd_age_ms_avg=56.0 detections=17 sent=10
15:25:30 INFO    [FAILSAFE] frame_queue_summary ， frames_received=25 frames_processed=24 frames_dropped=0 drop_rate=0.0 queue_depth=1 queue_depth_max=1
15:25:30 INFO    [FAILSAFE] telemetry_summary ， accepted=9 batt_v_avg=8.0 last_cmd_age_ms_avg=56.56 detections=13 sent=10
15:25:31 INFO    [FAILSAFE] frame_queue_summary ， frames_received=25 frames_processed=25 frames_dropped=0 drop_rate=0.0 queue_depth=1 queue_depth_max=1
15:25:31 INFO    [FAILSAFE] telemetry_summary ， accepted=10 batt_v_avg=8.0 last_cmd_age_ms_avg=44.5 detections=18 sent=10
15:25:32 INFO    [FAILSAFE] frame_queue_summary ， frames_received=24 frames_processed=25 frames_dropped=0 drop_rate=0.0 queue_depth=0 queue_depth_max=1
15:25:32 INFO    [FAILSAFE] telemetry_summary ， accepted=9 batt_v_avg=8.0 last_cmd_age_ms_avg=52.44 detections=12 sent=10
15:25:33 INFO    [FAILSAFE] frame_queue_summary ， frames_received=26 frames_processed=25 frames_dropped=0 drop_rate=0.0 queue_depth=1 queue_depth_max=1
15:25:33 INFO    [FAILSAFE] telemetry_summary ， accepted=10 batt_v_avg=8.0 last_cmd_age_ms_avg=24.8 detections=18 sent=10
15:25:34 INFO    [FAILSAFE] frame_queue_summary ， frames_received=24 frames_processed=25 frames_dropped=0 drop_rate=0.0 queue_depth=0 queue_depth_max=1 latest_age_ms=15 latest_seq=17165
15:25:34 INFO    [FAILSAFE] telemetry_summary ， detections=13 sent=10 accepted=9 batt_v_avg=8.0 last_cmd_age_ms_avg=32.0
15:25:35 INFO    [FAILSAFE] frame_queue_summary ， frames_received=25 frames_processed=24 frames_dropped=0 drop_rate=0.0 queue_depth=1 queue_depth_max=1
15:25:35 INFO    [FAILSAFE] telemetry_summary ， accepted=9 batt_v_avg=8.0 last_cmd_age_ms_avg=48.89 detections=12 sent=10
15:25:36 INFO    [FAILSAFE] frame_queue_summary ， frames_received=25 frames_processed=25 frames_dropped=0 drop_rate=0.0 queue_depth=1 queue_depth_max=1
15:25:36 INFO    [FAILSAFE] telemetry_summary ， accepted=10 batt_v_avg=8.0 last_cmd_age_ms_avg=24.7 detections=16 sent=10
15:25:37 INFO    [FAILSAFE] frame_queue_summary ， frames_received=25 frames_processed=25 frames_dropped=0 drop_rate=0.0 queue_depth=1 queue_depth_max=1
15:25:37 INFO    [FAILSAFE] telemetry_summary ， accepted=10 batt_v_avg=8.0 last_cmd_age_ms_avg=71.9 detections=16 sent=10
15:25:38 INFO    [FAILSAFE] frame_queue_summary ， frames_received=24 frames_processed=25 frames_dropped=0 drop_rate=0.0 queue_depth=0 queue_depth_max=1
15:25:38 INFO    [FAILSAFE] telemetry_summary ， detections=17 sent=10 accepted=9 batt_v_avg=8.0 last_cmd_age_ms_avg=34.11
15:25:39 INFO    [FAILSAFE] frame_queue_summary ， frames_received=25 frames_processed=24 frames_dropped=0 drop_rate=0.0 queue_depth=1 queue_depth_max=1
15:25:39 INFO    [FAILSAFE] telemetry_summary ， accepted=9 batt_v_avg=8.0 last_cmd_age_ms_avg=47.11 detections=13 sent=10
15:25:40 INFO    [FAILSAFE] frame_queue_summary ， frames_received=25 frames_processed=25 frames_dropped=0 drop_rate=0.0 queue_depth=1 queue_depth_max=1
15:25:40 INFO    [FAILSAFE] telemetry_summary ， accepted=10 batt_v_avg=8.0 last_cmd_age_ms_avg=35.7 detections=17 sent=10
15:25:41 INFO    [FAILSAFE] frame_queue_summary ， frames_received=25 frames_processed=25 frames_dropped=0 drop_rate=0.0 queue_depth=1 queue_depth_max=1
15:25:41 INFO    [FAILSAFE] telemetry_summary ， accepted=9 batt_v_avg=8.0 last_cmd_age_ms_avg=34.33 detections=12 sent=10
15:25:42 INFO    [FAILSAFE] frame_queue_summary ， frames_received=25 frames_processed=25 frames_dropped=0 drop_rate=0.0 queue_depth=1 queue_depth_max=1
15:25:42 INFO    [FAILSAFE] telemetry_summary ， accepted=10 batt_v_avg=8.0 last_cmd_age_ms_avg=54.6 detections=17 sent=10
15:25:43 INFO    [FAILSAFE] frame_queue_summary ， frames_received=23 frames_processed=24 frames_dropped=0 drop_rate=0.0 queue_depth=0 queue_depth_max=1
15:25:43 INFO    [FAILSAFE] telemetry_summary ， accepted=9 batt_v_avg=8.0 last_cmd_age_ms_avg=51.67 detections=12 sent=10
15:25:44 INFO    [FAILSAFE] frame_queue_summary ， frames_received=26 frames_processed=25 frames_dropped=0 drop_rate=0.0 queue_depth=1 queue_depth_max=1
15:25:44 INFO    [FAILSAFE] telemetry_summary ， detections=12 sent=10 accepted=9 batt_v_avg=8.0 last_cmd_age_ms_avg=18.33
15:25:45 INFO    [FAILSAFE] frame_queue_summary ， frames_received=25 frames_processed=25 frames_dropped=0 drop_rate=0.0 queue_depth=1 queue_depth_max=1
15:25:45 INFO    [FAILSAFE] telemetry_summary ， accepted=10 batt_v_avg=8.0 last_cmd_age_ms_avg=67.8 detections=17 sent=10
15:25:46 INFO    [FAILSAFE] frame_queue_summary ， frames_received=24 frames_processed=25 frames_dropped=0 drop_rate=0.0 queue_depth=0 queue_depth_max=1 latest_age_ms=10 latest_seq=17462
15:25:46 INFO    [FAILSAFE] telemetry_summary ， detections=11 sent=10 accepted=9 batt_v_avg=8.0 last_cmd_age_ms_avg=17.67
15:25:47 INFO    [FAILSAFE] frame_queue_summary ， frames_received=25 frames_processed=24 frames_dropped=0 drop_rate=0.0 queue_depth=1 queue_depth_max=1
15:25:47 INFO    [FAILSAFE] telemetry_summary ， accepted=10 batt_v_avg=8.0 last_cmd_age_ms_avg=38.1 detections=19 sent=10
15:25:48 INFO    [FAILSAFE] frame_queue_summary ， frames_received=25 frames_processed=25 frames_dropped=0 drop_rate=0.0 queue_depth=1 queue_depth_max=1
15:25:48 INFO    [FAILSAFE] telemetry_summary ， accepted=9 batt_v_avg=8.0 last_cmd_age_ms_avg=56.33 detections=14 sent=10
15:25:49 INFO    [FAILSAFE] frame_queue_summary ， frames_received=24 frames_processed=25 frames_dropped=0 drop_rate=0.0 queue_depth=0 queue_depth_max=1 latest_age_ms=14 latest_seq=17536
15:25:49 INFO    [FAILSAFE] telemetry_summary ， accepted=10 batt_v_avg=8.0 last_cmd_age_ms_avg=18.9 detections=14 sent=10
15:25:50 INFO    [FAILSAFE] frame_queue_summary ， frames_received=25 frames_processed=24 frames_dropped=0 drop_rate=0.0 queue_depth=1 queue_depth_max=1
15:25:50 INFO    [FAILSAFE] telemetry_summary ， accepted=9 batt_v_avg=8.0 last_cmd_age_ms_avg=32.89 detections=17 sent=10
15:25:51 INFO    [FAILSAFE] frame_queue_summary ， frames_received=25 frames_processed=25 frames_dropped=0 drop_rate=0.0 queue_depth=1 queue_depth_max=1
15:25:51 INFO    [FAILSAFE] telemetry_summary ， accepted=10 batt_v_avg=8.0 last_cmd_age_ms_avg=41.8 detections=18 sent=10
15:25:52 INFO    [FAILSAFE] frame_queue_summary ， frames_received=24 frames_processed=25 frames_dropped=0 drop_rate=0.0 queue_depth=0 queue_depth_max=1 latest_age_ms=13 latest_seq=17610
15:25:52 INFO    [FAILSAFE] telemetry_summary ， accepted=9 batt_v_avg=8.0 last_cmd_age_ms_avg=65.11 detections=13 sent=10
15:25:53 INFO    [FAILSAFE] frame_queue_summary ， frames_received=25 frames_processed=25 frames_dropped=0 drop_rate=0.0 queue_depth=0 queue_depth_max=1
15:25:53 INFO    [FAILSAFE] telemetry_summary ， accepted=10 batt_v_avg=8.0 last_cmd_age_ms_avg=29.2 detections=17 sent=10
15:25:54 INFO    [FAILSAFE] frame_queue_summary ， frames_received=24 frames_processed=24 frames_dropped=0 drop_rate=0.0 queue_depth=0 queue_depth_max=1
15:25:54 INFO    [FAILSAFE] telemetry_summary ， accepted=9 batt_v_avg=8.0 last_cmd_age_ms_avg=42.89 detections=14 sent=10
15:25:55 INFO    [FAILSAFE] frame_queue_summary ， frames_received=26 frames_processed=25 frames_dropped=0 drop_rate=0.0 queue_depth=1 queue_depth_max=1
15:25:55 INFO    [FAILSAFE] telemetry_summary ， accepted=10 batt_v_avg=8.0 last_cmd_age_ms_avg=33.8 detections=20 sent=10
15:25:56 INFO    [FAILSAFE] frame_queue_summary ， frames_received=25 frames_processed=25 frames_dropped=0 drop_rate=0.0 queue_depth=1 queue_depth_max=1
15:25:56 INFO    [FAILSAFE] telemetry_summary ， accepted=9 batt_v_avg=8.0 last_cmd_age_ms_avg=44.22 detections=8 sent=10
15:25:57 INFO    [FAILSAFE] frame_queue_summary ， frames_received=24 frames_processed=25 frames_dropped=0 drop_rate=0.0 queue_depth=0 queue_depth_max=1 latest_age_ms=11 latest_seq=17734
15:25:57 INFO    [FAILSAFE] telemetry_summary ， accepted=10 batt_v_avg=8.0 last_cmd_age_ms_avg=46.4 detections=17 sent=10
15:25:58 INFO    [FAILSAFE] frame_queue_summary ， frames_received=25 frames_processed=24 frames_dropped=0 drop_rate=0.0 queue_depth=1 queue_depth_max=1
15:25:58 INFO    [FAILSAFE] telemetry_summary ， accepted=9 batt_v_avg=8.0 last_cmd_age_ms_avg=28.44 detections=15 sent=10
15:25:59 INFO    [FAILSAFE] frame_queue_summary ， frames_received=24 frames_processed=25 frames_dropped=0 drop_rate=0.0 queue_depth=0 queue_depth_max=1
15:25:59 INFO    [FAILSAFE] telemetry_summary ， accepted=9 batt_v_avg=8.0 last_cmd_age_ms_avg=63.67 detections=14 sent=10
15:26:00 INFO    [FAILSAFE] frame_queue_summary ， frames_received=26 frames_processed=25 frames_dropped=0 drop_rate=0.0 queue_depth=1 queue_depth_max=1
15:26:00 INFO    [FAILSAFE] telemetry_summary ， accepted=9 batt_v_avg=8.0 last_cmd_age_ms_avg=22.78 detections=15 sent=10
15:26:01 INFO    [FAILSAFE] frame_queue_summary ， frames_received=24 frames_processed=25 frames_dropped=0 drop_rate=0.0 queue_depth=0 queue_depth_max=1 latest_age_ms=16 latest_seq=17833
15:26:01 INFO    [FAILSAFE] telemetry_summary ， accepted=10 batt_v_avg=8.0 last_cmd_age_ms_avg=38.4 detections=19 sent=10
15:26:02 INFO    [FAILSAFE] frame_queue_summary ， frames_received=25 frames_processed=24 frames_dropped=0 drop_rate=0.0 queue_depth=1 queue_depth_max=1
15:26:02 INFO    [FAILSAFE] telemetry_summary ， accepted=9 batt_v_avg=8.0 last_cmd_age_ms_avg=37.56 detections=12 sent=10
15:26:03 INFO    [FAILSAFE] frame_queue_summary ， frames_received=24 frames_processed=25 frames_dropped=0 drop_rate=0.0 queue_depth=0 queue_depth_max=1
15:26:03 INFO    [FAILSAFE] telemetry_summary ， accepted=9 batt_v_avg=8.0 last_cmd_age_ms_avg=63.56 detections=16 sent=10
15:26:04 INFO    [FAILSAFE] frame_queue_summary ， frames_received=25 frames_processed=25 frames_dropped=0 drop_rate=0.0 queue_depth=0 queue_depth_max=1 latest_age_ms=27 latest_seq=17907
15:26:04 INFO    [FAILSAFE] telemetry_summary ， accepted=10 batt_v_avg=8.0 last_cmd_age_ms_avg=25.5 detections=14 sent=10
15:26:05 INFO    [FAILSAFE] frame_queue_summary ， frames_received=25 frames_processed=25 frames_dropped=0 drop_rate=0.0 queue_depth=0 queue_depth_max=1 latest_age_ms=14 latest_seq=17932
15:26:05 INFO    [FAILSAFE] telemetry_summary ， accepted=9 batt_v_avg=8.0 last_cmd_age_ms_avg=47.89 detections=14 sent=10
15:26:06 INFO    [FAILSAFE] frame_queue_summary ， frames_received=25 frames_processed=25 frames_dropped=0 drop_rate=0.0 queue_depth=0 queue_depth_max=1
15:26:06 INFO    [FAILSAFE] telemetry_summary ， accepted=10 batt_v_avg=8.0 last_cmd_age_ms_avg=38.9 detections=16 sent=10
15:26:07 INFO    [FAILSAFE] frame_queue_summary ， frames_received=24 frames_processed=24 frames_dropped=0 drop_rate=0.0 queue_depth=0 queue_depth_max=1
15:26:07 INFO    [FAILSAFE] telemetry_summary ， accepted=9 batt_v_avg=8.0 last_cmd_age_ms_avg=60.78 detections=15 sent=10
15:26:08 INFO    [FAILSAFE] frame_queue_summary ， frames_received=25 frames_processed=25 frames_dropped=0 drop_rate=0.0 queue_depth=0 queue_depth_max=1 latest_age_ms=18 latest_seq=18006
15:26:08 INFO    [FAILSAFE] telemetry_summary ， accepted=10 batt_v_avg=8.0 last_cmd_age_ms_avg=31.3 detections=17 sent=10
15:26:09 INFO    [FAILSAFE] frame_queue_summary ， frames_received=25 frames_processed=25 frames_dropped=0 drop_rate=0.0 queue_depth=0 queue_depth_max=1 latest_age_ms=15 latest_seq=18031
15:26:09 INFO    [FAILSAFE] telemetry_summary ， accepted=9 batt_v_avg=8.0 last_cmd_age_ms_avg=36.22 detections=16 sent=10
15:26:10 INFO    [FAILSAFE] frame_queue_summary ， frames_received=24 frames_processed=24 frames_dropped=0 drop_rate=0.0 queue_depth=0 queue_depth_max=1
15:26:10 INFO    [FAILSAFE] telemetry_summary ， accepted=10 batt_v_avg=8.0 last_cmd_age_ms_avg=57.4 detections=19 sent=10
15:26:11 INFO    [FAILSAFE] frame_queue_summary ， frames_received=25 frames_processed=25 frames_dropped=0 drop_rate=0.0 queue_depth=0 queue_depth_max=1 latest_age_ms=19 latest_seq=18080
15:26:11 INFO    [FAILSAFE] telemetry_summary ， accepted=9 batt_v_avg=8.0 last_cmd_age_ms_avg=38.67 detections=12 sent=10
15:26:12 INFO    [FAILSAFE] frame_queue_summary ， frames_received=26 frames_processed=25 frames_dropped=0 drop_rate=0.0 queue_depth=1 queue_depth_max=1
15:26:12 INFO    [FAILSAFE] telemetry_summary ， accepted=10 batt_v_avg=8.0 last_cmd_age_ms_avg=35.2 detections=20 sent=10
15:26:13 INFO    [FAILSAFE] frame_queue_summary ， frames_received=23 frames_processed=24 frames_dropped=0 drop_rate=0.0 queue_depth=0 queue_depth_max=1
15:26:13 INFO    [FAILSAFE] telemetry_summary ， accepted=10 batt_v_avg=8.0 last_cmd_age_ms_avg=73.8 detections=17 sent=10
15:26:14 INFO    [FAILSAFE] frame_queue_summary ， frames_received=26 frames_processed=25 frames_dropped=0 drop_rate=0.0 queue_depth=1 queue_depth_max=1
15:26:14 INFO    [FAILSAFE] telemetry_summary ， accepted=9 batt_v_avg=8.0 last_cmd_age_ms_avg=30.56 detections=13 sent=10
15:26:14 INFO    [FAILSAFE] track_opened ， score=0.512
15:26:15 INFO    [FAILSAFE] frame_queue_summary ， frames_received=25 frames_processed=25 frames_dropped=0 drop_rate=0.0 queue_depth=1 queue_depth_max=1
15:26:15 INFO    [FAILSAFE] telemetry_summary ， accepted=9 batt_v_avg=8.0 last_cmd_age_ms_avg=63.67 detections=18 sent=10
15:26:15 INFO    [FAILSAFE] track_dropped ， reason=lost age_ms=1026
15:26:16 INFO    [FAILSAFE] frame_queue_summary ， frames_received=24 frames_processed=24 frames_dropped=0 drop_rate=0.0 queue_depth=1 queue_depth_max=1
15:26:16 INFO    [FAILSAFE] telemetry_summary ， accepted=10 batt_v_avg=8.0 last_cmd_age_ms_avg=39.1 detections=16 sent=10
15:26:17 INFO    [FAILSAFE] frame_queue_summary ， frames_received=25 frames_processed=25 frames_dropped=0 drop_rate=0.0 queue_depth=1 queue_depth_max=1
15:26:17 INFO    [FAILSAFE] telemetry_summary ， accepted=9 batt_v_avg=8.0 last_cmd_age_ms_avg=52.22 detections=13 sent=10
15:26:18 INFO    [FAILSAFE] frame_queue_summary ， frames_received=24 frames_processed=25 frames_dropped=0 drop_rate=0.0 queue_depth=0 queue_depth_max=1 latest_age_ms=24 latest_seq=18253
15:26:18 INFO    [FAILSAFE] telemetry_summary ， accepted=10 batt_v_avg=8.0 last_cmd_age_ms_avg=24.3 detections=17 sent=10
15:26:19 INFO    [FAILSAFE] frame_queue_summary ， frames_received=25 frames_processed=25 frames_dropped=0 drop_rate=0.0 queue_depth=0 queue_depth_max=1 latest_age_ms=7 latest_seq=18278
15:26:19 INFO    [FAILSAFE] telemetry_summary ， accepted=10 batt_v_avg=8.0 last_cmd_age_ms_avg=53.4 detections=20 sent=10
15:26:20 INFO    [FAILSAFE] frame_queue_summary ， frames_received=25 frames_processed=24 frames_dropped=0 drop_rate=0.0 queue_depth=1 queue_depth_max=1
15:26:20 INFO    [FAILSAFE] telemetry_summary ， accepted=10 batt_v_avg=8.0 last_cmd_age_ms_avg=71.6 detections=13 sent=10
15:26:21 INFO    [FAILSAFE] frame_queue_summary ， frames_received=24 frames_processed=25 frames_dropped=0 drop_rate=0.0 queue_depth=0 queue_depth_max=1
15:26:21 INFO    [FAILSAFE] telemetry_summary ， detections=13 sent=10 accepted=9 batt_v_avg=8.0 last_cmd_age_ms_avg=22.78
15:26:22 INFO    [FAILSAFE] frame_queue_summary ， frames_received=25 frames_processed=25 frames_dropped=0 drop_rate=0.0 queue_depth=0 queue_depth_max=1 latest_age_ms=7 latest_seq=18352
15:26:22 INFO    [FAILSAFE] telemetry_summary ， accepted=10 batt_v_avg=8.0 last_cmd_age_ms_avg=39.0 detections=20 sent=10
15:26:23 INFO    [FAILSAFE] frame_queue_summary ， frames_received=25 frames_processed=24 frames_dropped=0 drop_rate=0.0 queue_depth=1 queue_depth_max=1
15:26:23 INFO    [FAILSAFE] telemetry_summary ， accepted=10 batt_v_avg=8.0 last_cmd_age_ms_avg=69.0 detections=16 sent=10
15:26:24 INFO    [FAILSAFE] frame_queue_summary ， frames_received=24 frames_processed=25 frames_dropped=0 drop_rate=0.0 queue_depth=0 queue_depth_max=1
15:26:24 INFO    [FAILSAFE] telemetry_summary ， detections=14 sent=10 accepted=9 batt_v_avg=8.0 last_cmd_age_ms_avg=15.56
15:26:25 INFO    [FAILSAFE] frame_queue_summary ， frames_received=25 frames_processed=25 frames_dropped=0 drop_rate=0.0 queue_depth=0 queue_depth_max=1 latest_age_ms=17 latest_seq=18426
15:26:25 INFO    [FAILSAFE] telemetry_summary ， accepted=9 batt_v_avg=8.0 last_cmd_age_ms_avg=65.56 detections=16 sent=10
15:26:26 INFO    [FAILSAFE] frame_queue_summary ， frames_received=25 frames_processed=25 frames_dropped=0 drop_rate=0.0 queue_depth=0 queue_depth_max=1 latest_age_ms=7 latest_seq=18451
15:26:26 INFO    [FAILSAFE] telemetry_summary ， accepted=10 batt_v_avg=8.0 last_cmd_age_ms_avg=30.3 detections=17 sent=10
15:26:27 INFO    [FAILSAFE] frame_queue_summary ， frames_received=24 frames_processed=24 frames_dropped=0 drop_rate=0.0 queue_depth=0 queue_depth_max=1
15:26:27 INFO    [FAILSAFE] telemetry_summary ， accepted=10 batt_v_avg=8.0 last_cmd_age_ms_avg=71.3 detections=12 sent=10
15:26:28 INFO    [FAILSAFE] frame_queue_summary ， frames_received=25 frames_processed=25 frames_dropped=0 drop_rate=0.0 queue_depth=0 queue_depth_max=1
15:26:28 INFO    [FAILSAFE] telemetry_summary ， accepted=9 batt_v_avg=8.0 last_cmd_age_ms_avg=21.44 detections=10 sent=10
15:26:29 INFO    [FAILSAFE] frame_queue_summary ， frames_received=25 frames_processed=25 frames_dropped=0 drop_rate=0.0 queue_depth=0 queue_depth_max=1
15:26:29 INFO    [FAILSAFE] telemetry_summary ， accepted=10 batt_v_avg=8.0 last_cmd_age_ms_avg=54.7 detections=17 sent=10
15:26:30 INFO    [FAILSAFE] frame_queue_summary ， frames_received=25 frames_processed=25 frames_dropped=0 drop_rate=0.0 queue_depth=0 queue_depth_max=1 latest_age_ms=15 latest_seq=18550
15:26:30 INFO    [FAILSAFE] telemetry_summary ， accepted=9 batt_v_avg=8.0 last_cmd_age_ms_avg=31.67 detections=8 sent=10
15:26:31 INFO    [FAILSAFE] frame_queue_summary ， frames_received=25 frames_processed=24 frames_dropped=0 drop_rate=0.0 queue_depth=1 queue_depth_max=1
15:26:31 INFO    [FAILSAFE] telemetry_summary ， accepted=10 batt_v_avg=8.0 last_cmd_age_ms_avg=47.0 detections=20 sent=10
15:26:32 INFO    [FAILSAFE] frame_queue_summary ， frames_received=24 frames_processed=25 frames_dropped=0 drop_rate=0.0 queue_depth=0 queue_depth_max=1
15:26:32 INFO    [FAILSAFE] telemetry_summary ， accepted=9 batt_v_avg=8.0 last_cmd_age_ms_avg=40.33 detections=13 sent=10
15:26:33 INFO    [FAILSAFE] frame_queue_summary ， frames_received=25 frames_processed=25 frames_dropped=0 drop_rate=0.0 queue_depth=0 queue_depth_max=1
15:26:33 INFO    [FAILSAFE] telemetry_summary ， accepted=10 batt_v_avg=8.0 last_cmd_age_ms_avg=59.8 detections=17 sent=10
15:26:34 INFO    [FAILSAFE] frame_queue_summary ， frames_received=25 frames_processed=25 frames_dropped=0 drop_rate=0.0 queue_depth=0 queue_depth_max=1 latest_age_ms=17 latest_seq=18649
15:26:34 INFO    [FAILSAFE] telemetry_summary ， detections=10 sent=10 accepted=9 batt_v_avg=8.0 last_cmd_age_ms_avg=38.33
15:26:35 INFO    [FAILSAFE] frame_queue_summary ， frames_received=25 frames_processed=25 frames_dropped=0 drop_rate=0.0 queue_depth=0 queue_depth_max=1 latest_age_ms=13 latest_seq=18674
15:26:35 INFO    [FAILSAFE] telemetry_summary ， accepted=10 batt_v_avg=8.0 last_cmd_age_ms_avg=47.7 detections=20 sent=10
15:26:36 INFO    [FAILSAFE] frame_queue_summary ， frames_received=25 frames_processed=24 frames_dropped=0 drop_rate=0.0 queue_depth=1 queue_depth_max=1
15:26:36 INFO    [FAILSAFE] telemetry_summary ， accepted=10 batt_v_avg=8.0 last_cmd_age_ms_avg=70.7 detections=13 sent=10
15:26:37 INFO    [FAILSAFE] frame_queue_summary ， frames_received=24 frames_processed=25 frames_dropped=0 drop_rate=0.0 queue_depth=0 queue_depth_max=1
15:26:37 INFO    [FAILSAFE] telemetry_summary ， detections=13 sent=10 accepted=9 batt_v_avg=8.0 last_cmd_age_ms_avg=11.33
15:26:38 INFO    [FAILSAFE] frame_queue_summary ， frames_received=25 frames_processed=25 frames_dropped=0 drop_rate=0.0 queue_depth=0 queue_depth_max=1
15:26:38 INFO    [FAILSAFE] telemetry_summary ， accepted=10 batt_v_avg=8.0 last_cmd_age_ms_avg=57.2 detections=17 sent=10
15:26:39 INFO    [FAILSAFE] frame_queue_summary ， frames_received=25 frames_processed=25 frames_dropped=0 drop_rate=0.0 queue_depth=0 queue_depth_max=1
15:26:39 INFO    [FAILSAFE] telemetry_summary ， detections=11 sent=10 accepted=9 batt_v_avg=8.0 last_cmd_age_ms_avg=60.89
15:26:40 INFO    [FAILSAFE] frame_queue_summary ， frames_received=25 frames_processed=25 frames_dropped=0 drop_rate=0.0 queue_depth=0 queue_depth_max=1 latest_age_ms=14 latest_seq=18798
15:26:40 INFO    [FAILSAFE] telemetry_summary ， detections=14 sent=10 accepted=9 batt_v_avg=8.0 last_cmd_age_ms_avg=66.11
15:26:41 INFO    [FAILSAFE] frame_queue_summary ， frames_received=25 frames_processed=24 frames_dropped=0 drop_rate=0.0 queue_depth=1 queue_depth_max=1
15:26:41 INFO    [FAILSAFE] telemetry_summary ， detections=12 sent=10 accepted=9 batt_v_avg=8.0 last_cmd_age_ms_avg=27.22
15:26:42 INFO    [FAILSAFE] frame_queue_summary ， frames_received=25 frames_processed=25 frames_dropped=0 drop_rate=0.0 queue_depth=1 queue_depth_max=1
15:26:42 INFO    [FAILSAFE] telemetry_summary ， accepted=10 batt_v_avg=8.0 last_cmd_age_ms_avg=40.6 detections=18 sent=10
15:26:43 INFO    [FAILSAFE] frame_queue_summary ， frames_received=24 frames_processed=25 frames_dropped=0 drop_rate=0.0 queue_depth=0 queue_depth_max=1
15:26:43 INFO    [FAILSAFE] telemetry_summary ， accepted=9 batt_v_avg=8.0 last_cmd_age_ms_avg=45.33 detections=12 sent=10
15:26:44 INFO    [FAILSAFE] frame_queue_summary ， frames_received=25 frames_processed=25 frames_dropped=0 drop_rate=0.0 queue_depth=0 queue_depth_max=1 latest_age_ms=12 latest_seq=18897
15:26:44 INFO    [FAILSAFE] telemetry_summary ， accepted=10 batt_v_avg=8.0 last_cmd_age_ms_avg=16.9 detections=16 sent=10
15:26:45 INFO    [FAILSAFE] frame_queue_summary ， frames_received=25 frames_processed=25 frames_dropped=0 drop_rate=0.0 queue_depth=0 queue_depth_max=1 latest_age_ms=21 latest_seq=18922
15:26:45 INFO    [FAILSAFE] telemetry_summary ， accepted=10 batt_v_avg=8.0 last_cmd_age_ms_avg=61.3 detections=17 sent=10
15:26:46 INFO    [FAILSAFE] frame_queue_summary ， frames_received=25 frames_processed=24 frames_dropped=0 drop_rate=0.0 queue_depth=1 queue_depth_max=1
15:26:46 INFO    [FAILSAFE] telemetry_summary ， accepted=9 batt_v_avg=8.0 last_cmd_age_ms_avg=35.33 detections=13 sent=10
15:26:47 INFO    [FAILSAFE] frame_queue_summary ， frames_received=25 frames_processed=25 frames_dropped=0 drop_rate=0.0 queue_depth=1 queue_depth_max=1
15:26:47 INFO    [FAILSAFE] telemetry_summary ， accepted=10 batt_v_avg=8.0 last_cmd_age_ms_avg=32.0 detections=20 sent=10
15:26:48 INFO    [FAILSAFE] frame_queue_summary ， frames_received=25 frames_processed=25 frames_dropped=0 drop_rate=0.0 queue_depth=1 queue_depth_max=1
15:26:48 INFO    [FAILSAFE] telemetry_summary ， accepted=9 batt_v_avg=8.0 last_cmd_age_ms_avg=36.0 detections=13 sent=10
15:26:49 INFO    [FAILSAFE] frame_queue_summary ， frames_received=24 frames_processed=25 frames_dropped=0 drop_rate=0.0 queue_depth=0 queue_depth_max=1
15:26:49 INFO    [FAILSAFE] telemetry_summary ， accepted=10 batt_v_avg=8.0 last_cmd_age_ms_avg=47.9 detections=15 sent=10
15:26:50 INFO    [FAILSAFE] frame_queue_summary ， frames_received=25 frames_processed=24 frames_dropped=0 drop_rate=0.0 queue_depth=1 queue_depth_max=1
15:26:50 INFO    [FAILSAFE] telemetry_summary ， accepted=9 batt_v_avg=8.0 last_cmd_age_ms_avg=33.22 detections=14 sent=10
15:26:51 INFO    [FAILSAFE] frame_queue_summary ， frames_received=25 frames_processed=25 frames_dropped=0 drop_rate=0.0 queue_depth=1 queue_depth_max=1
15:26:51 INFO    [FAILSAFE] telemetry_summary ， accepted=10 batt_v_avg=8.0 last_cmd_age_ms_avg=66.3 detections=16 sent=10
15:26:52 INFO    [FAILSAFE] frame_queue_summary ， frames_received=24 frames_processed=25 frames_dropped=0 drop_rate=0.0 queue_depth=0 queue_depth_max=1
15:26:52 INFO    [FAILSAFE] telemetry_summary ， accepted=9 batt_v_avg=8.0 last_cmd_age_ms_avg=34.33 detections=12 sent=10
15:26:53 INFO    [FAILSAFE] frame_queue_summary ， frames_received=25 frames_processed=25 frames_dropped=0 drop_rate=0.0 queue_depth=0 queue_depth_max=1
15:26:53 INFO    [FAILSAFE] telemetry_summary ， accepted=10 batt_v_avg=8.0 last_cmd_age_ms_avg=33.7 detections=19 sent=10
15:26:54 INFO    [FAILSAFE] frame_queue_summary ， frames_received=25 frames_processed=25 frames_dropped=0 drop_rate=0.0 queue_depth=0 queue_depth_max=1 latest_age_ms=25 latest_seq=19145
15:26:54 INFO    [FAILSAFE] telemetry_summary ， accepted=10 batt_v_avg=8.0 last_cmd_age_ms_avg=53.4 detections=19 sent=10
15:26:55 INFO    [FAILSAFE] frame_queue_summary ， frames_received=25 frames_processed=24 frames_dropped=0 drop_rate=0.0 queue_depth=1 queue_depth_max=1
15:26:55 INFO    [FAILSAFE] telemetry_summary ， accepted=9 batt_v_avg=8.0 last_cmd_age_ms_avg=55.78 detections=11 sent=10
15:26:56 INFO    [FAILSAFE] frame_queue_summary ， frames_received=24 frames_processed=25 frames_dropped=0 drop_rate=0.0 queue_depth=0 queue_depth_max=1 latest_age_ms=15 latest_seq=19194
15:26:56 INFO    [FAILSAFE] telemetry_summary ， accepted=10 batt_v_avg=8.0 last_cmd_age_ms_avg=31.7 detections=15 sent=10
15:26:57 INFO    [FAILSAFE] frame_queue_summary ， frames_received=25 frames_processed=25 frames_dropped=0 drop_rate=0.0 queue_depth=0 queue_depth_max=1 latest_age_ms=11 latest_seq=19219
15:26:57 INFO    [FAILSAFE] telemetry_summary ， accepted=9 batt_v_avg=8.0 last_cmd_age_ms_avg=63.78 detections=18 sent=10
15:26:58 INFO    [FAILSAFE] frame_queue_summary ， frames_received=25 frames_processed=24 frames_dropped=0 drop_rate=0.0 queue_depth=1 queue_depth_max=1
15:26:58 INFO    [FAILSAFE] telemetry_summary ， accepted=10 batt_v_avg=8.0 last_cmd_age_ms_avg=20.8 detections=11 sent=10
15:26:59 INFO    [FAILSAFE] frame_queue_summary ， frames_received=25 frames_processed=25 frames_dropped=0 drop_rate=0.0 queue_depth=1 queue_depth_max=1
15:26:59 INFO    [FAILSAFE] telemetry_summary ， accepted=9 batt_v_avg=8.0 last_cmd_age_ms_avg=43.67 detections=15 sent=10
15:27:00 INFO    [FAILSAFE] frame_queue_summary ， frames_received=24 frames_processed=25 frames_dropped=0 drop_rate=0.0 queue_depth=0 queue_depth_max=1 latest_age_ms=15 latest_seq=19293
15:27:00 INFO    [FAILSAFE] telemetry_summary ， accepted=10 batt_v_avg=8.0 last_cmd_age_ms_avg=14.9 detections=10 sent=10
15:27:01 INFO    [FAILSAFE] frame_queue_summary ， frames_received=25 frames_processed=24 frames_dropped=0 drop_rate=0.0 queue_depth=1 queue_depth_max=1
15:27:01 INFO    [FAILSAFE] telemetry_summary ， accepted=10 batt_v_avg=8.0 last_cmd_age_ms_avg=54.7 detections=12 sent=10
15:27:02 INFO    [FAILSAFE] frame_queue_summary ， frames_received=25 frames_processed=25 frames_dropped=0 drop_rate=0.0 queue_depth=1 queue_depth_max=1
15:27:02 INFO    [FAILSAFE] telemetry_summary ， accepted=9 batt_v_avg=8.0 last_cmd_age_ms_avg=41.0 detections=10 sent=10
15:27:03 INFO    [FAILSAFE] frame_queue_summary ， frames_received=25 frames_processed=25 frames_dropped=0 drop_rate=0.0 queue_depth=1 queue_depth_max=1
15:27:03 INFO    [FAILSAFE] telemetry_summary ， accepted=10 batt_v_avg=8.0 last_cmd_age_ms_avg=47.1 detections=18 sent=10
15:27:04 INFO    [FAILSAFE] person_cleared ， hits=0 required=3 window_ms=300 score=0.0
15:27:04 INFO    [FAILSAFE] person_gate ， present=False hits=0 score=0.0
15:27:04 INFO    [FAILSAFE] frame_queue_summary ， frames_received=25 frames_processed=25 frames_dropped=0 drop_rate=0.0 queue_depth=1 queue_depth_max=1
15:27:04 INFO    [FAILSAFE] telemetry_summary ， accepted=9 batt_v_avg=8.0 last_cmd_age_ms_avg=44.11 detections=6 sent=10
15:27:04 INFO    [FAILSAFE] person_present ， hits=3 required=3 window_ms=300 score=0.578
15:27:04 INFO    [FAILSAFE] person_gate ， present=True hits=3 score=0.578
15:27:04 INFO    [FAILSAFE] blackbox_recorded ， event_type=person_found ts_ms=1789453624950 meta_path=C:\dev\mechadog-camdock\blackbox\1789453624950_person_found\meta.json
15:27:05 INFO    [FAILSAFE] frame_queue_summary ， frames_received=24 frames_processed=25 frames_dropped=0 drop_rate=0.0 queue_depth=0 queue_depth_max=1 latest_age_ms=16 latest_seq=19417
15:27:05 INFO    [FAILSAFE] telemetry_summary ， accepted=10 batt_v_avg=8.0 last_cmd_age_ms_avg=49.1 detections=12 sent=10
15:27:06 INFO    [FAILSAFE] frame_queue_summary ， frames_received=25 frames_processed=24 frames_dropped=0 drop_rate=0.0 queue_depth=1 queue_depth_max=1
15:27:06 INFO    [FAILSAFE] telemetry_summary ， accepted=10 batt_v_avg=8.0 last_cmd_age_ms_avg=71.0 detections=13 sent=10
15:27:07 INFO    [FAILSAFE] frame_queue_summary ， frames_received=25 frames_processed=25 frames_dropped=0 drop_rate=0.0 queue_depth=1 queue_depth_max=1
15:27:07 INFO    [FAILSAFE] telemetry_summary ， detections=14 sent=10 accepted=9 batt_v_avg=8.0 last_cmd_age_ms_avg=25.56
15:27:08 INFO    [FAILSAFE] frame_queue_summary ， frames_received=25 frames_processed=25 frames_dropped=0 drop_rate=0.0 queue_depth=1 queue_depth_max=1
15:27:08 INFO    [FAILSAFE] telemetry_summary ， accepted=10 batt_v_avg=8.0 last_cmd_age_ms_avg=55.0 detections=17 sent=10
15:27:09 INFO    [FAILSAFE] frame_queue_summary ， frames_received=25 frames_processed=25 frames_dropped=0 drop_rate=0.0 queue_depth=1 queue_depth_max=1
15:27:09 INFO    [FAILSAFE] telemetry_summary ， accepted=9 batt_v_avg=8.0 last_cmd_age_ms_avg=45.22 detections=12 sent=10
15:27:10 INFO    [FAILSAFE] frame_queue_summary ， frames_received=24 frames_processed=25 frames_dropped=0 drop_rate=0.0 queue_depth=0 queue_depth_max=1 latest_age_ms=12 latest_seq=19541
15:27:10 INFO    [FAILSAFE] telemetry_summary ， accepted=9 batt_v_avg=8.0 last_cmd_age_ms_avg=39.67 detections=13 sent=10
15:27:11 INFO    [FAILSAFE] frame_queue_summary ， frames_received=25 frames_processed=24 frames_dropped=0 drop_rate=0.0 queue_depth=1 queue_depth_max=1
15:27:11 INFO    [FAILSAFE] telemetry_summary ， accepted=10 batt_v_avg=8.0 last_cmd_age_ms_avg=61.4 detections=18 sent=10
15:27:12 INFO    [FAILSAFE] frame_queue_summary ， frames_received=25 frames_processed=25 frames_dropped=0 drop_rate=0.0 queue_depth=1 queue_depth_max=1
15:27:12 INFO    [FAILSAFE] telemetry_summary ， detections=16 sent=10 accepted=9 batt_v_avg=8.0 last_cmd_age_ms_avg=25.44
15:27:13 INFO    [FAILSAFE] frame_queue_summary ， frames_received=24 frames_processed=25 frames_dropped=0 drop_rate=0.0 queue_depth=0 queue_depth_max=1
15:27:13 INFO    [FAILSAFE] telemetry_summary ， accepted=10 batt_v_avg=8.0 last_cmd_age_ms_avg=63.3 detections=15 sent=10
15:27:14 INFO    [FAILSAFE] frame_queue_summary ， frames_received=25 frames_processed=24 frames_dropped=0 drop_rate=0.0 queue_depth=1 queue_depth_max=1
15:27:14 INFO    [FAILSAFE] telemetry_summary ， detections=13 sent=10 accepted=9 batt_v_avg=8.0 last_cmd_age_ms_avg=6.89
15:27:15 INFO    [FAILSAFE] frame_queue_summary ， frames_received=25 frames_processed=25 frames_dropped=0 drop_rate=0.0 queue_depth=1 queue_depth_max=1
15:27:15 INFO    [FAILSAFE] telemetry_summary ， accepted=9 batt_v_avg=8.0 last_cmd_age_ms_avg=47.22 detections=14 sent=10
15:27:16 INFO    [FAILSAFE] frame_queue_summary ， frames_received=25 frames_processed=24 frames_dropped=1 drop_rate=0.04 queue_depth=1 queue_depth_max=2
15:27:16 INFO    [FAILSAFE] telemetry_summary ， accepted=10 batt_v_avg=8.0 last_cmd_age_ms_avg=46.2 detections=18 sent=10
15:27:17 INFO    [FAILSAFE] frame_queue_summary ， frames_received=24 frames_processed=25 frames_dropped=0 drop_rate=0.0 queue_depth=0 queue_depth_max=1
15:27:17 INFO    [FAILSAFE] telemetry_summary ， detections=15 sent=10 accepted=9 batt_v_avg=8.0 last_cmd_age_ms_avg=25.0
15:27:18 INFO    [FAILSAFE] frame_queue_summary ， frames_received=25 frames_processed=24 frames_dropped=0 drop_rate=0.0 queue_depth=1 queue_depth_max=1
15:27:18 INFO    [FAILSAFE] telemetry_summary ， accepted=10 batt_v_avg=8.0 last_cmd_age_ms_avg=67.3 detections=13 sent=10
15:27:19 INFO    [FAILSAFE] frame_queue_summary ， frames_received=24 frames_processed=25 frames_dropped=0 drop_rate=0.0 queue_depth=0 queue_depth_max=1
15:27:19 INFO    [FAILSAFE] telemetry_summary ， accepted=9 batt_v_avg=8.0 last_cmd_age_ms_avg=30.78 detections=12 sent=10
15:27:20 INFO    [FAILSAFE] frame_queue_summary ， frames_received=26 frames_processed=25 frames_dropped=0 drop_rate=0.0 queue_depth=1 queue_depth_max=1
15:27:20 INFO    [FAILSAFE] telemetry_summary ， accepted=10 batt_v_avg=8.0 last_cmd_age_ms_avg=57.7 detections=18 sent=10
15:27:21 INFO    [FAILSAFE] frame_queue_summary ， frames_received=25 frames_processed=25 frames_dropped=0 drop_rate=0.0 queue_depth=1 queue_depth_max=1
15:27:21 INFO    [FAILSAFE] telemetry_summary ， accepted=9 batt_v_avg=8.0 last_cmd_age_ms_avg=30.78 detections=14 sent=10
15:27:22 INFO    [FAILSAFE] frame_queue_summary ， frames_received=24 frames_processed=25 frames_dropped=0 drop_rate=0.0 queue_depth=0 queue_depth_max=1 latest_age_ms=6 latest_seq=19838
15:27:22 INFO    [FAILSAFE] telemetry_summary ， accepted=10 batt_v_avg=8.0 last_cmd_age_ms_avg=56.8 detections=17 sent=10
15:27:23 INFO    [FAILSAFE] frame_queue_summary ， frames_received=24 frames_processed=24 frames_dropped=0 drop_rate=0.0 queue_depth=0 queue_depth_max=1
15:27:23 INFO    [FAILSAFE] telemetry_summary ， accepted=9 batt_v_avg=8.0 last_cmd_age_ms_avg=35.22 detections=13 sent=10
15:27:24 INFO    [FAILSAFE] frame_queue_summary ， frames_received=26 frames_processed=25 frames_dropped=0 drop_rate=0.0 queue_depth=1 queue_depth_max=1
15:27:24 INFO    [FAILSAFE] telemetry_summary ， accepted=10 batt_v_avg=8.0 last_cmd_age_ms_avg=19.9 detections=13 sent=10
15:27:25 INFO    [FAILSAFE] frame_queue_summary ， frames_received=24 frames_processed=25 frames_dropped=0 drop_rate=0.0 queue_depth=0 queue_depth_max=1 latest_age_ms=16 latest_seq=19912
15:27:25 INFO    [FAILSAFE] telemetry_summary ， accepted=9 batt_v_avg=8.0 last_cmd_age_ms_avg=54.0 detections=16 sent=10
15:27:26 INFO    [FAILSAFE] frame_queue_summary ， frames_received=25 frames_processed=25 frames_dropped=0 drop_rate=0.0 queue_depth=0 queue_depth_max=1 latest_age_ms=6 latest_seq=19937
15:27:26 INFO    [FAILSAFE] telemetry_summary ， accepted=10 batt_v_avg=8.0 last_cmd_age_ms_avg=33.5 detections=14 sent=10
15:27:27 INFO    [FAILSAFE] frame_queue_summary ， frames_received=24 frames_processed=24 frames_dropped=0 drop_rate=0.0 queue_depth=0 queue_depth_max=1
15:27:27 INFO    [FAILSAFE] telemetry_summary ， accepted=9 batt_v_avg=8.0 last_cmd_age_ms_avg=19.11 detections=14 sent=10
15:27:28 INFO    [FAILSAFE] frame_queue_summary ， frames_received=25 frames_processed=25 frames_dropped=0 drop_rate=0.0 queue_depth=0 queue_depth_max=1 latest_age_ms=28 latest_seq=19986
15:27:28 INFO    [FAILSAFE] telemetry_summary ， accepted=10 batt_v_avg=8.0 last_cmd_age_ms_avg=44.8 detections=17 sent=10
15:27:29 INFO    [FAILSAFE] frame_queue_summary ， frames_received=26 frames_processed=25 frames_dropped=0 drop_rate=0.0 queue_depth=1 queue_depth_max=1
15:27:29 INFO    [FAILSAFE] telemetry_summary ， accepted=9 batt_v_avg=8.0 last_cmd_age_ms_avg=50.78 detections=13 sent=10
15:27:30 INFO    [FAILSAFE] frame_queue_summary ， frames_received=24 frames_processed=25 frames_dropped=0 drop_rate=0.0 queue_depth=0 queue_depth_max=1
15:27:30 INFO    [FAILSAFE] telemetry_summary ， accepted=10 batt_v_avg=8.0 last_cmd_age_ms_avg=37.3 detections=17 sent=10
15:27:31 INFO    [FAILSAFE] frame_queue_summary ， frames_received=25 frames_processed=24 frames_dropped=0 drop_rate=0.0 queue_depth=1 queue_depth_max=1
15:27:31 INFO    [FAILSAFE] telemetry_summary ， accepted=9 batt_v_avg=8.0 last_cmd_age_ms_avg=31.11 detections=12 sent=10
15:27:32 INFO    [FAILSAFE] frame_queue_summary ， frames_received=24 frames_processed=25 frames_dropped=0 drop_rate=0.0 queue_depth=0 queue_depth_max=1
15:27:32 INFO    [FAILSAFE] telemetry_summary ， accepted=10 batt_v_avg=8.0 last_cmd_age_ms_avg=37.0 detections=17 sent=10
15:27:33 INFO    [FAILSAFE] frame_queue_summary ， frames_received=26 frames_processed=25 frames_dropped=0 drop_rate=0.0 queue_depth=1 queue_depth_max=1
15:27:33 INFO    [FAILSAFE] telemetry_summary ， accepted=9 batt_v_avg=8.0 last_cmd_age_ms_avg=62.56 detections=12 sent=10
15:27:34 INFO    [FAILSAFE] frame_queue_summary ， frames_received=25 frames_processed=25 frames_dropped=0 drop_rate=0.0 queue_depth=1 queue_depth_max=1
15:27:34 INFO    [FAILSAFE] telemetry_summary ， accepted=10 batt_v_avg=8.0 last_cmd_age_ms_avg=30.4 detections=17 sent=10
15:27:35 INFO    [FAILSAFE] frame_queue_summary ， frames_received=24 frames_processed=24 frames_dropped=0 drop_rate=0.0 queue_depth=1 queue_depth_max=1
15:27:35 INFO    [FAILSAFE] telemetry_summary ， accepted=10 batt_v_avg=8.0 last_cmd_age_ms_avg=71.9 detections=16 sent=10
15:27:36 INFO    [FAILSAFE] frame_queue_summary ， frames_received=24 frames_processed=25 frames_dropped=0 drop_rate=0.0 queue_depth=0 queue_depth_max=1 latest_age_ms=26 latest_seq=20184
15:27:36 INFO    [FAILSAFE] telemetry_summary ， detections=12 sent=10 accepted=9 batt_v_avg=8.0 last_cmd_age_ms_avg=11.0
15:27:37 INFO    [FAILSAFE] frame_queue_summary ， frames_received=26 frames_processed=25 frames_dropped=0 drop_rate=0.0 queue_depth=1 queue_depth_max=1
15:27:37 INFO    [FAILSAFE] telemetry_summary ， accepted=10 batt_v_avg=8.0 last_cmd_age_ms_avg=48.6 detections=18 sent=10
15:27:38 INFO    [FAILSAFE] frame_queue_summary ， frames_received=24 frames_processed=24 frames_dropped=0 drop_rate=0.0 queue_depth=1 queue_depth_max=1
15:27:38 INFO    [FAILSAFE] telemetry_summary ， accepted=9 batt_v_avg=8.0 last_cmd_age_ms_avg=58.0 detections=14 sent=10
15:27:39 INFO    [FAILSAFE] frame_queue_summary ， frames_received=25 frames_processed=25 frames_dropped=0 drop_rate=0.0 queue_depth=1 queue_depth_max=1
15:27:39 INFO    [FAILSAFE] telemetry_summary ， accepted=10 batt_v_avg=8.0 last_cmd_age_ms_avg=33.4 detections=18 sent=10
15:27:40 INFO    [FAILSAFE] frame_queue_summary ， frames_received=24 frames_processed=25 frames_dropped=0 drop_rate=0.0 queue_depth=0 queue_depth_max=1 latest_age_ms=28 latest_seq=20283
15:27:40 INFO    [FAILSAFE] telemetry_summary ， accepted=10 batt_v_avg=8.0 last_cmd_age_ms_avg=69.3 detections=18 sent=10
15:27:41 INFO    [FAILSAFE] frame_queue_summary ， frames_received=26 frames_processed=25 frames_dropped=0 drop_rate=0.0 queue_depth=1 queue_depth_max=1
15:27:41 INFO    [FAILSAFE] telemetry_summary ， accepted=9 batt_v_avg=8.0 last_cmd_age_ms_avg=43.11 detections=11 sent=10
15:27:42 INFO    [FAILSAFE] frame_queue_summary ， frames_received=25 frames_processed=25 frames_dropped=0 drop_rate=0.0 queue_depth=1 queue_depth_max=1
15:27:42 INFO    [FAILSAFE] telemetry_summary ， accepted=10 batt_v_avg=8.0 last_cmd_age_ms_avg=38.4 detections=18 sent=10
15:27:43 INFO    [FAILSAFE] frame_queue_summary ， frames_received=24 frames_processed=24 frames_dropped=0 drop_rate=0.0 queue_depth=1 queue_depth_max=1
15:27:43 INFO    [FAILSAFE] telemetry_summary ， accepted=9 batt_v_avg=8.0 last_cmd_age_ms_avg=33.0 detections=12 sent=10
15:27:44 INFO    [FAILSAFE] frame_queue_summary ， frames_received=24 frames_processed=25 frames_dropped=0 drop_rate=0.0 queue_depth=0 queue_depth_max=1
15:27:44 INFO    [FAILSAFE] telemetry_summary ， accepted=10 batt_v_avg=8.0 last_cmd_age_ms_avg=63.3 detections=17 sent=10
15:27:45 INFO    [FAILSAFE] frame_queue_summary ， frames_received=25 frames_processed=25 frames_dropped=0 drop_rate=0.0 queue_depth=0 queue_depth_max=1 latest_age_ms=29 latest_seq=20407
15:27:45 INFO    [FAILSAFE] telemetry_summary ， detections=15 sent=10 accepted=9 batt_v_avg=8.0 last_cmd_age_ms_avg=32.22
15:27:46 INFO    [FAILSAFE] frame_queue_summary ， frames_received=26 frames_processed=25 frames_dropped=0 drop_rate=0.0 queue_depth=1 queue_depth_max=1
15:27:46 INFO    [FAILSAFE] telemetry_summary ， accepted=9 batt_v_avg=8.0 last_cmd_age_ms_avg=64.78 detections=16 sent=10
15:27:47 INFO    [FAILSAFE] frame_queue_summary ， frames_received=24 frames_processed=25 frames_dropped=0 drop_rate=0.0 queue_depth=0 queue_depth_max=1 latest_age_ms=12 latest_seq=20457
15:27:47 INFO    [FAILSAFE] telemetry_summary ， accepted=9 batt_v_avg=8.0 last_cmd_age_ms_avg=27.78 detections=13 sent=10
15:27:48 INFO    [FAILSAFE] frame_queue_summary ， frames_received=25 frames_processed=24 frames_dropped=0 drop_rate=0.0 queue_depth=1 queue_depth_max=1
15:27:48 INFO    [FAILSAFE] telemetry_summary ， accepted=10 batt_v_avg=8.0 last_cmd_age_ms_avg=14.5 detections=12 sent=10
15:27:49 INFO    [FAILSAFE] frame_queue_summary ， frames_received=24 frames_processed=25 frames_dropped=0 drop_rate=0.0 queue_depth=0 queue_depth_max=1
15:27:49 INFO    [FAILSAFE] telemetry_summary ， accepted=9 batt_v_avg=8.0 last_cmd_age_ms_avg=70.56 detections=15 sent=10
15:27:50 INFO    [FAILSAFE] frame_queue_summary ， frames_received=25 frames_processed=25 frames_dropped=0 drop_rate=0.0 queue_depth=0 queue_depth_max=1 latest_age_ms=19 latest_seq=20531
15:27:50 INFO    [FAILSAFE] telemetry_summary ， accepted=10 batt_v_avg=8.0 last_cmd_age_ms_avg=29.7 detections=17 sent=10
15:27:51 INFO    [FAILSAFE] frame_queue_summary ， frames_received=25 frames_processed=25 frames_dropped=0 drop_rate=0.0 queue_depth=0 queue_depth_max=1 latest_age_ms=3 latest_seq=20556
15:27:51 INFO    [FAILSAFE] telemetry_summary ， accepted=9 batt_v_avg=8.0 last_cmd_age_ms_avg=46.0 detections=15 sent=10
15:27:52 INFO    [FAILSAFE] frame_queue_summary ， frames_received=24 frames_processed=24 frames_dropped=0 drop_rate=0.0 queue_depth=0 queue_depth_max=1
15:27:52 INFO    [FAILSAFE] telemetry_summary ， accepted=10 batt_v_avg=8.0 last_cmd_age_ms_avg=42.1 detections=17 sent=10
15:27:53 INFO    [FAILSAFE] frame_queue_summary ， frames_received=25 frames_processed=25 frames_dropped=0 drop_rate=0.0 queue_depth=0 queue_depth_max=1
15:27:53 INFO    [FAILSAFE] telemetry_summary ， accepted=9 batt_v_avg=8.0 last_cmd_age_ms_avg=41.89 detections=14 sent=10
15:27:54 INFO    [FAILSAFE] frame_queue_summary ， frames_received=25 frames_processed=25 frames_dropped=0 drop_rate=0.0 queue_depth=0 queue_depth_max=1 latest_age_ms=16 latest_seq=20630
15:27:54 INFO    [FAILSAFE] telemetry_summary ， accepted=10 batt_v_avg=8.0 last_cmd_age_ms_avg=60.9 detections=16 sent=10
15:27:55 INFO    [FAILSAFE] frame_queue_summary ， frames_received=25 frames_processed=25 frames_dropped=0 drop_rate=0.0 queue_depth=0 queue_depth_max=1 latest_age_ms=9 latest_seq=20655
15:27:55 INFO    [FAILSAFE] telemetry_summary ， accepted=9 batt_v_avg=8.0 last_cmd_age_ms_avg=33.22 detections=13 sent=10
15:27:56 INFO    [FAILSAFE] frame_queue_summary ， frames_received=24 frames_processed=24 frames_dropped=0 drop_rate=0.0 queue_depth=0 queue_depth_max=1
15:27:56 INFO    [FAILSAFE] telemetry_summary ， accepted=10 batt_v_avg=8.0 last_cmd_age_ms_avg=51.7 detections=17 sent=10
15:27:57 INFO    [FAILSAFE] frame_queue_summary ， frames_received=25 frames_processed=25 frames_dropped=0 drop_rate=0.0 queue_depth=0 queue_depth_max=1
15:27:57 INFO    [FAILSAFE] telemetry_summary ， accepted=9 batt_v_avg=8.0 last_cmd_age_ms_avg=36.22 detections=13 sent=10
15:27:58 INFO    [FAILSAFE] frame_queue_summary ， frames_received=25 frames_processed=25 frames_dropped=0 drop_rate=0.0 queue_depth=0 queue_depth_max=1
15:27:58 INFO    [FAILSAFE] telemetry_summary ， accepted=9 batt_v_avg=8.0 last_cmd_age_ms_avg=59.78 detections=16 sent=10
15:27:59 INFO    [FAILSAFE] frame_queue_summary ， frames_received=25 frames_processed=25 frames_dropped=0 drop_rate=0.0 queue_depth=0 queue_depth_max=1 latest_age_ms=14 latest_seq=20754
15:27:59 INFO    [FAILSAFE] telemetry_summary ， accepted=10 batt_v_avg=8.0 last_cmd_age_ms_avg=29.6 detections=14 sent=10
15:28:00 INFO    [FAILSAFE] frame_queue_summary ， frames_received=25 frames_processed=25 frames_dropped=0 drop_rate=0.0 queue_depth=0 queue_depth_max=1 latest_age_ms=17 latest_seq=20779
15:28:00 INFO    [FAILSAFE] telemetry_summary ， accepted=9 batt_v_avg=8.0 last_cmd_age_ms_avg=48.44 detections=16 sent=10
15:28:01 INFO    [FAILSAFE] frame_queue_summary ， frames_received=24 frames_processed=24 frames_dropped=0 drop_rate=0.0 queue_depth=0 queue_depth_max=1
15:28:01 INFO    [FAILSAFE] telemetry_summary ， accepted=9 batt_v_avg=8.0 last_cmd_age_ms_avg=69.56 detections=16 sent=10
15:28:02 INFO    [FAILSAFE] frame_queue_summary ， frames_received=25 frames_processed=25 frames_dropped=0 drop_rate=0.0 queue_depth=0 queue_depth_max=1
15:28:02 INFO    [FAILSAFE] telemetry_summary ， accepted=10 batt_v_avg=8.0 last_cmd_age_ms_avg=17.4 detections=14 sent=10
15:28:03 INFO    [FAILSAFE] frame_queue_summary ， frames_received=25 frames_processed=25 frames_dropped=0 drop_rate=0.0 queue_depth=0 queue_depth_max=1 latest_age_ms=13 latest_seq=20853
15:28:03 INFO    [FAILSAFE] telemetry_summary ， accepted=9 batt_v_avg=8.0 last_cmd_age_ms_avg=39.67 detections=16 sent=10
15:28:04 INFO    [FAILSAFE] frame_queue_summary ， frames_received=25 frames_processed=24 frames_dropped=0 drop_rate=0.0 queue_depth=1 queue_depth_max=1
15:28:04 INFO    [FAILSAFE] telemetry_summary ， accepted=10 batt_v_avg=8.0 last_cmd_age_ms_avg=40.0 detections=16 sent=10
15:28:05 INFO    [FAILSAFE] frame_queue_summary ， frames_received=25 frames_processed=25 frames_dropped=0 drop_rate=0.0 queue_depth=1 queue_depth_max=1
15:28:05 INFO    [FAILSAFE] telemetry_summary ， accepted=9 batt_v_avg=8.0 last_cmd_age_ms_avg=55.67 detections=11 sent=10
15:28:06 INFO    [FAILSAFE] frame_queue_summary ， frames_received=24 frames_processed=25 frames_dropped=0 drop_rate=0.0 queue_depth=0 queue_depth_max=1
15:28:06 INFO    [FAILSAFE] telemetry_summary ， accepted=10 batt_v_avg=8.0 last_cmd_age_ms_avg=42.7 detections=19 sent=10
15:28:07 INFO    [FAILSAFE] frame_queue_summary ， frames_received=25 frames_processed=25 frames_dropped=0 drop_rate=0.0 queue_depth=0 queue_depth_max=1
15:28:07 INFO    [FAILSAFE] telemetry_summary ， accepted=9 batt_v_avg=8.0 last_cmd_age_ms_avg=56.11 detections=11 sent=10
15:28:08 INFO    [FAILSAFE] frame_queue_summary ， frames_received=25 frames_processed=25 frames_dropped=0 drop_rate=0.0 queue_depth=0 queue_depth_max=1 latest_age_ms=25 latest_seq=20977
15:28:08 INFO    [FAILSAFE] telemetry_summary ， accepted=10 batt_v_avg=8.0 last_cmd_age_ms_avg=33.9 detections=18 sent=10
15:28:09 INFO    [FAILSAFE] frame_queue_summary ， frames_received=25 frames_processed=24 frames_dropped=0 drop_rate=0.0 queue_depth=1 queue_depth_max=1
15:28:09 INFO    [FAILSAFE] telemetry_summary ， accepted=10 batt_v_avg=8.0 last_cmd_age_ms_avg=72.1 detections=17 sent=10
15:28:10 INFO    [FAILSAFE] frame_queue_summary ， frames_received=25 frames_processed=25 frames_dropped=0 drop_rate=0.0 queue_depth=1 queue_depth_max=1
15:28:10 INFO    [FAILSAFE] telemetry_summary ， accepted=9 batt_v_avg=8.0 last_cmd_age_ms_avg=35.0 detections=13 sent=10
15:28:11 INFO    [FAILSAFE] frame_queue_summary ， frames_received=25 frames_processed=25 frames_dropped=0 drop_rate=0.0 queue_depth=1 queue_depth_max=1
15:28:11 INFO    [FAILSAFE] telemetry_summary ， accepted=10 batt_v_avg=8.0 last_cmd_age_ms_avg=33.8 detections=19 sent=10
15:28:12 INFO    [FAILSAFE] frame_queue_summary ， frames_received=24 frames_processed=25 frames_dropped=0 drop_rate=0.0 queue_depth=0 queue_depth_max=1
15:28:12 INFO    [FAILSAFE] telemetry_summary ， accepted=10 batt_v_avg=8.0 last_cmd_age_ms_avg=65.8 detections=16 sent=10
15:28:13 INFO    [FAILSAFE] frame_queue_summary ， frames_received=25 frames_processed=25 frames_dropped=0 drop_rate=0.0 queue_depth=0 queue_depth_max=1 latest_age_ms=15 latest_seq=21101
15:28:13 INFO    [FAILSAFE] telemetry_summary ， detections=16 sent=10 accepted=9 batt_v_avg=8.0 last_cmd_age_ms_avg=37.78
15:28:14 INFO    [FAILSAFE] frame_queue_summary ， frames_received=25 frames_processed=24 frames_dropped=0 drop_rate=0.0 queue_depth=1 queue_depth_max=1
15:28:14 INFO    [FAILSAFE] telemetry_summary ， accepted=9 batt_v_avg=8.0 last_cmd_age_ms_avg=63.33 detections=13 sent=10
15:28:15 INFO    [FAILSAFE] frame_queue_summary ， frames_received=25 frames_processed=25 frames_dropped=0 drop_rate=0.0 queue_depth=1 queue_depth_max=1
15:28:15 INFO    [FAILSAFE] telemetry_summary ， accepted=10 batt_v_avg=8.0 last_cmd_age_ms_avg=46.8 detections=19 sent=10
15:28:16 INFO    [FAILSAFE] frame_queue_summary ， frames_received=24 frames_processed=25 frames_dropped=0 drop_rate=0.0 queue_depth=0 queue_depth_max=1
15:28:16 INFO    [FAILSAFE] telemetry_summary ， accepted=9 batt_v_avg=8.0 last_cmd_age_ms_avg=39.78 detections=13 sent=10
15:28:17 INFO    [FAILSAFE] frame_queue_summary ， frames_received=25 frames_processed=25 frames_dropped=0 drop_rate=0.0 queue_depth=0 queue_depth_max=1 latest_age_ms=13 latest_seq=21200
15:28:17 INFO    [FAILSAFE] telemetry_summary ， accepted=10 batt_v_avg=8.0 last_cmd_age_ms_avg=56.8 detections=18 sent=10
15:28:18 INFO    [FAILSAFE] frame_queue_summary ， frames_received=25 frames_processed=24 frames_dropped=0 drop_rate=0.0 queue_depth=1 queue_depth_max=1
15:28:18 INFO    [FAILSAFE] telemetry_summary ， accepted=9 batt_v_avg=8.0 last_cmd_age_ms_avg=28.33 detections=11 sent=10
15:28:19 INFO    [FAILSAFE] frame_queue_summary ， frames_received=24 frames_processed=25 frames_dropped=0 drop_rate=0.0 queue_depth=0 queue_depth_max=1
15:28:19 INFO    [FAILSAFE] telemetry_summary ， accepted=10 batt_v_avg=8.0 last_cmd_age_ms_avg=43.7 detections=19 sent=10
15:28:20 INFO    [FAILSAFE] frame_queue_summary ， frames_received=25 frames_processed=25 frames_dropped=0 drop_rate=0.0 queue_depth=0 queue_depth_max=1 latest_age_ms=15 latest_seq=21274
15:28:20 INFO    [FAILSAFE] telemetry_summary ， accepted=10 batt_v_avg=8.0 last_cmd_age_ms_avg=74.8 detections=17 sent=10
15:28:21 INFO    [FAILSAFE] frame_queue_summary ， frames_received=25 frames_processed=25 frames_dropped=0 drop_rate=0.0 queue_depth=0 queue_depth_max=1
15:28:21 INFO    [FAILSAFE] telemetry_summary ， detections=10 sent=10 accepted=9 batt_v_avg=8.0 last_cmd_age_ms_avg=32.78
15:28:22 INFO    [FAILSAFE] frame_queue_summary ， frames_received=25 frames_processed=24 frames_dropped=0 drop_rate=0.0 queue_depth=1 queue_depth_max=1
15:28:22 INFO    [FAILSAFE] telemetry_summary ， accepted=10 batt_v_avg=8.0 last_cmd_age_ms_avg=62.6 detections=8 sent=10
15:28:23 INFO    [FAILSAFE] frame_queue_summary ， frames_received=25 frames_processed=25 frames_dropped=0 drop_rate=0.0 queue_depth=1 queue_depth_max=1
15:28:23 INFO    [FAILSAFE] telemetry_summary ， detections=14 sent=10 accepted=9 batt_v_avg=8.0 last_cmd_age_ms_avg=34.44
15:28:24 INFO    [FAILSAFE] frame_queue_summary ， frames_received=24 frames_processed=25 frames_dropped=0 drop_rate=0.0 queue_depth=0 queue_depth_max=1
15:28:24 INFO    [FAILSAFE] telemetry_summary ， accepted=9 batt_v_avg=8.0 last_cmd_age_ms_avg=37.44 detections=11 sent=10
15:28:25 INFO    [FAILSAFE] frame_queue_summary ， frames_received=25 frames_processed=25 frames_dropped=0 drop_rate=0.0 queue_depth=0 queue_depth_max=1 latest_age_ms=9 latest_seq=21398
15:28:25 INFO    [FAILSAFE] telemetry_summary ， accepted=10 batt_v_avg=8.0 last_cmd_age_ms_avg=51.6 detections=15 sent=10
15:28:26 INFO    [FAILSAFE] frame_queue_summary ， frames_received=25 frames_processed=24 frames_dropped=0 drop_rate=0.0 queue_depth=1 queue_depth_max=1
15:28:26 INFO    [FAILSAFE] telemetry_summary ， accepted=9 batt_v_avg=8.0 last_cmd_age_ms_avg=53.89 detections=4 sent=10
15:28:27 INFO    [FAILSAFE] frame_queue_summary ， frames_received=25 frames_processed=25 frames_dropped=0 drop_rate=0.0 queue_depth=1 queue_depth_max=1
15:28:27 INFO    [FAILSAFE] telemetry_summary ， detections=9 sent=10 accepted=9 batt_v_avg=8.0 last_cmd_age_ms_avg=26.78
15:28:28 INFO    [FAILSAFE] frame_queue_summary ， frames_received=25 frames_processed=25 frames_dropped=0 drop_rate=0.0 queue_depth=1 queue_depth_max=1
15:28:28 INFO    [FAILSAFE] telemetry_summary ， accepted=10 batt_v_avg=8.0 last_cmd_age_ms_avg=40.6 detections=19 sent=10
15:28:29 INFO    [FAILSAFE] frame_queue_summary ， frames_received=24 frames_processed=25 frames_dropped=0 drop_rate=0.0 queue_depth=0 queue_depth_max=1 latest_age_ms=16 latest_seq=21497
15:28:29 INFO    [FAILSAFE] telemetry_summary ， accepted=9 batt_v_avg=8.0 last_cmd_age_ms_avg=62.89 detections=13 sent=10
15:28:30 INFO    [FAILSAFE] frame_queue_summary ， frames_received=25 frames_processed=24 frames_dropped=0 drop_rate=0.0 queue_depth=1 queue_depth_max=1
15:28:30 INFO    [FAILSAFE] telemetry_summary ， accepted=10 batt_v_avg=8.0 last_cmd_age_ms_avg=30.7 detections=18 sent=10
15:28:31 INFO    [FAILSAFE] frame_queue_summary ， frames_received=25 frames_processed=25 frames_dropped=0 drop_rate=0.0 queue_depth=1 queue_depth_max=1
15:28:31 INFO    [FAILSAFE] telemetry_summary ， accepted=10 batt_v_avg=8.0 last_cmd_age_ms_avg=59.3 detections=19 sent=10
15:28:32 INFO    [FAILSAFE] frame_queue_summary ， frames_received=25 frames_processed=25 frames_dropped=0 drop_rate=0.0 queue_depth=1 queue_depth_max=1
15:28:32 INFO    [FAILSAFE] telemetry_summary ， accepted=9 batt_v_avg=8.0 last_cmd_age_ms_avg=71.22 detections=11 sent=10
15:28:33 INFO    [FAILSAFE] frame_queue_summary ， frames_received=24 frames_processed=25 frames_dropped=0 drop_rate=0.0 queue_depth=0 queue_depth_max=1
15:28:33 INFO    [FAILSAFE] telemetry_summary ， accepted=10 batt_v_avg=8.0 last_cmd_age_ms_avg=22.5 detections=14 sent=10
15:28:34 INFO    [FAILSAFE] frame_queue_summary ， frames_received=25 frames_processed=25 frames_dropped=0 drop_rate=0.0 queue_depth=0 queue_depth_max=1 latest_age_ms=14 latest_seq=21621
15:28:34 INFO    [FAILSAFE] telemetry_summary ， accepted=9 batt_v_avg=8.0 last_cmd_age_ms_avg=69.33 detections=17 sent=10
15:28:35 INFO    [FAILSAFE] frame_queue_summary ， frames_received=25 frames_processed=24 frames_dropped=0 drop_rate=0.0 queue_depth=1 queue_depth_max=1
15:28:35 INFO    [FAILSAFE] telemetry_summary ， accepted=10 batt_v_avg=8.0 last_cmd_age_ms_avg=16.4 detections=12 sent=10
15:28:36 INFO    [FAILSAFE] frame_queue_summary ， frames_received=25 frames_processed=25 frames_dropped=0 drop_rate=0.0 queue_depth=1 queue_depth_max=1
15:28:36 INFO    [FAILSAFE] telemetry_summary ， accepted=10 batt_v_avg=8.0 last_cmd_age_ms_avg=53.4 detections=20 sent=10
15:28:37 INFO    [FAILSAFE] frame_queue_summary ， frames_received=25 frames_processed=25 frames_dropped=0 drop_rate=0.0 queue_depth=1 queue_depth_max=1
15:28:37 INFO    [FAILSAFE] telemetry_summary ， accepted=9 batt_v_avg=8.0 last_cmd_age_ms_avg=56.89 detections=12 sent=10
15:28:38 INFO    [FAILSAFE] frame_queue_summary ， frames_received=24 frames_processed=25 frames_dropped=0 drop_rate=0.0 queue_depth=0 queue_depth_max=1 latest_age_ms=8 latest_seq=21720
15:28:38 INFO    [FAILSAFE] telemetry_summary ， accepted=10 batt_v_avg=8.0 last_cmd_age_ms_avg=35.8 detections=17 sent=10
15:28:39 INFO    [FAILSAFE] frame_queue_summary ， frames_received=24 frames_processed=24 frames_dropped=0 drop_rate=0.0 queue_depth=0 queue_depth_max=1
15:28:39 INFO    [FAILSAFE] telemetry_summary ， accepted=10 batt_v_avg=8.0 last_cmd_age_ms_avg=72.1 detections=15 sent=10
15:28:40 INFO    [FAILSAFE] frame_queue_summary ， frames_received=26 frames_processed=25 frames_dropped=0 drop_rate=0.0 queue_depth=1 queue_depth_max=1
15:28:40 INFO    [FAILSAFE] telemetry_summary ， detections=13 sent=10 accepted=9 batt_v_avg=8.0 last_cmd_age_ms_avg=20.0
15:28:41 INFO    [FAILSAFE] frame_queue_summary ， frames_received=25 frames_processed=25 frames_dropped=0 drop_rate=0.0 queue_depth=1 queue_depth_max=1
15:28:41 INFO    [FAILSAFE] telemetry_summary ， accepted=9 batt_v_avg=8.0 last_cmd_age_ms_avg=72.67 detections=14 sent=10
15:28:42 INFO    [FAILSAFE] frame_queue_summary ， frames_received=25 frames_processed=25 frames_dropped=0 drop_rate=0.0 queue_depth=1 queue_depth_max=1
15:28:42 INFO    [FAILSAFE] telemetry_summary ， accepted=10 batt_v_avg=8.0 last_cmd_age_ms_avg=21.4 detections=12 sent=10
15:28:43 INFO    [FAILSAFE] frame_queue_summary ， frames_received=24 frames_processed=25 frames_dropped=0 drop_rate=0.0 queue_depth=0 queue_depth_max=1 latest_age_ms=8 latest_seq=21844
15:28:43 INFO    [FAILSAFE] telemetry_summary ， accepted=10 batt_v_avg=8.0 last_cmd_age_ms_avg=49.0 detections=19 sent=10
15:28:44 INFO    [FAILSAFE] frame_queue_summary ， frames_received=24 frames_processed=24 frames_dropped=0 drop_rate=0.0 queue_depth=0 queue_depth_max=1
15:28:44 INFO    [FAILSAFE] telemetry_summary ， accepted=9 batt_v_avg=8.0 last_cmd_age_ms_avg=60.56 detections=10 sent=10
15:28:45 INFO    [FAILSAFE] frame_queue_summary ， frames_received=26 frames_processed=25 frames_dropped=0 drop_rate=0.0 queue_depth=1 queue_depth_max=1
15:28:45 INFO    [FAILSAFE] telemetry_summary ， accepted=10 batt_v_avg=8.0 last_cmd_age_ms_avg=24.0 detections=16 sent=10
15:28:46 INFO    [FAILSAFE] frame_queue_summary ， frames_received=25 frames_processed=25 frames_dropped=0 drop_rate=0.0 queue_depth=1 queue_depth_max=1
15:28:46 INFO    [FAILSAFE] telemetry_summary ， accepted=9 batt_v_avg=8.0 last_cmd_age_ms_avg=55.89 detections=16 sent=10
15:28:47 INFO    [FAILSAFE] frame_queue_summary ， frames_received=24 frames_processed=25 frames_dropped=0 drop_rate=0.0 queue_depth=0 queue_depth_max=1
15:28:47 INFO    [FAILSAFE] telemetry_summary ， accepted=9 batt_v_avg=8.0 last_cmd_age_ms_avg=54.89 detections=12 sent=10
15:28:48 INFO    [FAILSAFE] frame_queue_summary ， frames_received=25 frames_processed=24 frames_dropped=0 drop_rate=0.0 queue_depth=1 queue_depth_max=1
15:28:48 INFO    [FAILSAFE] telemetry_summary ， accepted=10 batt_v_avg=8.0 last_cmd_age_ms_avg=28.8 detections=15 sent=10
15:28:49 INFO    [FAILSAFE] frame_queue_summary ， frames_received=24 frames_processed=25 frames_dropped=0 drop_rate=0.0 queue_depth=0 queue_depth_max=1 latest_age_ms=25 latest_seq=21992
15:28:49 INFO    [FAILSAFE] telemetry_summary ， accepted=10 batt_v_avg=8.0 last_cmd_age_ms_avg=67.9 detections=20 sent=10
15:28:50 INFO    [FAILSAFE] frame_queue_summary ， frames_received=26 frames_processed=25 frames_dropped=0 drop_rate=0.0 queue_depth=1 queue_depth_max=1
15:28:50 INFO    [FAILSAFE] telemetry_summary ， accepted=9 batt_v_avg=8.0 last_cmd_age_ms_avg=51.89 detections=12 sent=10
15:28:51 INFO    [FAILSAFE] frame_queue_summary ， frames_received=24 frames_processed=25 frames_dropped=0 drop_rate=0.0 queue_depth=0 queue_depth_max=1
15:28:51 INFO    [FAILSAFE] telemetry_summary ， accepted=10 batt_v_avg=8.0 last_cmd_age_ms_avg=42.6 detections=17 sent=10
15:28:52 INFO    [FAILSAFE] frame_queue_summary ， frames_received=24 frames_processed=24 frames_dropped=0 drop_rate=0.0 queue_depth=0 queue_depth_max=1
15:28:52 INFO    [FAILSAFE] telemetry_summary ， accepted=9 batt_v_avg=8.0 last_cmd_age_ms_avg=46.0 detections=15 sent=10
15:28:53 INFO    [FAILSAFE] frame_queue_summary ， frames_received=25 frames_processed=25 frames_dropped=0 drop_rate=0.0 queue_depth=0 queue_depth_max=1
15:28:53 INFO    [FAILSAFE] telemetry_summary ， accepted=10 batt_v_avg=8.0 last_cmd_age_ms_avg=51.5 detections=19 sent=10
15:28:54 INFO    [FAILSAFE] frame_queue_summary ， frames_received=25 frames_processed=25 frames_dropped=0 drop_rate=0.0 queue_depth=0 queue_depth_max=1 latest_age_ms=20 latest_seq=22116
15:28:54 INFO    [FAILSAFE] track_opened ， score=0.506
15:28:54 INFO    [FAILSAFE] telemetry_summary ， accepted=9 batt_v_avg=8.0 last_cmd_age_ms_avg=42.56 detections=13 sent=10
15:28:55 INFO    [FAILSAFE] frame_queue_summary ， frames_received=25 frames_processed=25 frames_dropped=0 drop_rate=0.0 queue_depth=0 queue_depth_max=1 latest_age_ms=13 latest_seq=22141
15:28:55 INFO    [FAILSAFE] telemetry_summary ， accepted=9 batt_v_avg=8.0 last_cmd_age_ms_avg=63.89 detections=19 sent=10
15:28:56 INFO    [FAILSAFE] track_dropped ， reason=lost age_ms=1018
15:28:56 INFO    [FAILSAFE] frame_queue_summary ， frames_received=25 frames_processed=24 frames_dropped=0 drop_rate=0.0 queue_depth=1 queue_depth_max=1
15:28:56 INFO    [FAILSAFE] telemetry_summary ， accepted=10 batt_v_avg=8.0 last_cmd_age_ms_avg=21.3 detections=12 sent=10
15:28:57 INFO    [FAILSAFE] frame_queue_summary ， frames_received=24 frames_processed=25 frames_dropped=0 drop_rate=0.0 queue_depth=0 queue_depth_max=1
15:28:57 INFO    [FAILSAFE] telemetry_summary ， accepted=10 batt_v_avg=8.0 last_cmd_age_ms_avg=57.8 detections=17 sent=10
15:28:58 INFO    [FAILSAFE] frame_queue_summary ， frames_received=25 frames_processed=25 frames_dropped=0 drop_rate=0.0 queue_depth=0 queue_depth_max=1 latest_age_ms=24 latest_seq=22215
15:28:58 INFO    [FAILSAFE] telemetry_summary ， accepted=9 batt_v_avg=8.0 last_cmd_age_ms_avg=31.22 detections=11 sent=10
15:28:59 INFO    [FAILSAFE] frame_queue_summary ， frames_received=26 frames_processed=25 frames_dropped=0 drop_rate=0.0 queue_depth=1 queue_depth_max=1
15:28:59 INFO    [FAILSAFE] telemetry_summary ， accepted=10 batt_v_avg=8.0 last_cmd_age_ms_avg=23.3 detections=18 sent=10
15:29:00 INFO    [FAILSAFE] frame_queue_summary ， frames_received=24 frames_processed=24 frames_dropped=0 drop_rate=0.0 queue_depth=1 queue_depth_max=1
15:29:00 INFO    [FAILSAFE] telemetry_summary ， accepted=9 batt_v_avg=8.0 last_cmd_age_ms_avg=48.67 detections=14 sent=10
15:29:01 INFO    [FAILSAFE] frame_queue_summary ， frames_received=25 frames_processed=25 frames_dropped=0 drop_rate=0.0 queue_depth=1 queue_depth_max=1
15:29:01 INFO    [FAILSAFE] telemetry_summary ， accepted=10 batt_v_avg=8.0 last_cmd_age_ms_avg=40.2 detections=16 sent=10
15:29:02 INFO    [FAILSAFE] frame_queue_summary ， frames_received=25 frames_processed=25 frames_dropped=0 drop_rate=0.0 queue_depth=1 queue_depth_max=1
15:29:02 INFO    [FAILSAFE] telemetry_summary ， accepted=9 batt_v_avg=8.0 last_cmd_age_ms_avg=70.11 detections=13 sent=10
15:29:03 INFO    [FAILSAFE] frame_queue_summary ， frames_received=24 frames_processed=25 frames_dropped=0 drop_rate=0.0 queue_depth=0 queue_depth_max=1 latest_age_ms=22 latest_seq=22339
15:29:03 INFO    [FAILSAFE] telemetry_summary ， accepted=10 batt_v_avg=8.0 last_cmd_age_ms_avg=22.2 detections=17 sent=10
15:29:04 INFO    [FAILSAFE] frame_queue_summary ， frames_received=25 frames_processed=25 frames_dropped=0 drop_rate=0.0 queue_depth=0 queue_depth_max=1 latest_age_ms=14 latest_seq=22364
15:29:04 INFO    [FAILSAFE] telemetry_summary ， accepted=9 batt_v_avg=8.0 last_cmd_age_ms_avg=46.44 detections=13 sent=10
15:29:05 INFO    [FAILSAFE] frame_queue_summary ， frames_received=25 frames_processed=24 frames_dropped=0 drop_rate=0.0 queue_depth=1 queue_depth_max=1
15:29:05 INFO    [FAILSAFE] telemetry_summary ， accepted=10 batt_v_avg=8.0 last_cmd_age_ms_avg=59.9 detections=15 sent=10
15:29:06 INFO    [FAILSAFE] frame_queue_summary ， frames_received=24 frames_processed=25 frames_dropped=0 drop_rate=0.0 queue_depth=0 queue_depth_max=1
15:29:06 INFO    [FAILSAFE] telemetry_summary ， accepted=9 batt_v_avg=8.0 last_cmd_age_ms_avg=51.33 detections=7 sent=10
15:29:07 INFO    [FAILSAFE] frame_queue_summary ， frames_received=26 frames_processed=25 frames_dropped=0 drop_rate=0.0 queue_depth=1 queue_depth_max=1
15:29:07 INFO    [FAILSAFE] telemetry_summary ， accepted=10 batt_v_avg=8.0 last_cmd_age_ms_avg=33.7 detections=11 sent=10
15:29:08 INFO    [FAILSAFE] frame_queue_summary ， frames_received=24 frames_processed=25 frames_dropped=0 drop_rate=0.0 queue_depth=0 queue_depth_max=1 latest_age_ms=12 latest_seq=22463
15:29:08 INFO    [FAILSAFE] telemetry_summary ， accepted=9 batt_v_avg=8.0 last_cmd_age_ms_avg=49.56 detections=17 sent=10
15:29:09 INFO    [FAILSAFE] frame_queue_summary ， frames_received=24 frames_processed=24 frames_dropped=0 drop_rate=0.0 queue_depth=0 queue_depth_max=1
15:29:09 INFO    [FAILSAFE] telemetry_summary ， accepted=9 batt_v_avg=8.0 last_cmd_age_ms_avg=28.78 detections=18 sent=10
15:29:10 INFO    [FAILSAFE] frame_queue_summary ， frames_received=25 frames_processed=25 frames_dropped=0 drop_rate=0.0 queue_depth=0 queue_depth_max=1
15:29:10 INFO    [FAILSAFE] telemetry_summary ， accepted=9 batt_v_avg=8.0 last_cmd_age_ms_avg=52.22 detections=15 sent=10
15:29:11 INFO    [FAILSAFE] frame_queue_summary ， frames_received=25 frames_processed=25 frames_dropped=0 drop_rate=0.0 queue_depth=0 queue_depth_max=1 latest_age_ms=16 latest_seq=22537
15:29:11 INFO    [FAILSAFE] telemetry_summary ， accepted=10 batt_v_avg=8.0 last_cmd_age_ms_avg=33.9 detections=18 sent=10
15:29:12 INFO    [FAILSAFE] frame_queue_summary ， frames_received=25 frames_processed=24 frames_dropped=0 drop_rate=0.0 queue_depth=1 queue_depth_max=1
15:29:12 INFO    [FAILSAFE] telemetry_summary ， accepted=9 batt_v_avg=8.0 last_cmd_age_ms_avg=53.0 detections=11 sent=10
15:29:13 INFO    [FAILSAFE] frame_queue_summary ， frames_received=24 frames_processed=25 frames_dropped=0 drop_rate=0.0 queue_depth=0 queue_depth_max=1
15:29:13 INFO    [FAILSAFE] telemetry_summary ， accepted=10 batt_v_avg=8.0 last_cmd_age_ms_avg=26.6 detections=15 sent=10
15:29:14 INFO    [FAILSAFE] frame_queue_summary ， frames_received=25 frames_processed=25 frames_dropped=0 drop_rate=0.0 queue_depth=0 queue_depth_max=1 latest_age_ms=17 latest_seq=22611
15:29:14 INFO    [FAILSAFE] telemetry_summary ， accepted=9 batt_v_avg=8.0 last_cmd_age_ms_avg=68.0 detections=14 sent=10
15:29:14 INFO    [FAILSAFE] track_opened ， score=0.501
15:29:15 INFO    [FAILSAFE] frame_queue_summary ， frames_received=25 frames_processed=25 frames_dropped=0 drop_rate=0.0 queue_depth=0 queue_depth_max=1 latest_age_ms=3 latest_seq=22636
15:29:15 INFO    [FAILSAFE] telemetry_summary ， accepted=10 batt_v_avg=8.0 last_cmd_age_ms_avg=26.7 detections=16 sent=10
15:29:15 INFO    [FAILSAFE] track_dropped ， reason=lost age_ms=1048
15:29:16 INFO    [FAILSAFE] frame_queue_summary ， frames_received=25 frames_processed=24 frames_dropped=0 drop_rate=0.0 queue_depth=1 queue_depth_max=1
15:29:16 INFO    [FAILSAFE] telemetry_summary ， accepted=10 batt_v_avg=8.0 last_cmd_age_ms_avg=69.3 detections=16 sent=10
15:29:17 INFO    [FAILSAFE] frame_queue_summary ， frames_received=24 frames_processed=25 frames_dropped=0 drop_rate=0.0 queue_depth=0 queue_depth_max=1
15:29:17 INFO    [FAILSAFE] telemetry_summary ， detections=13 sent=10 accepted=9 batt_v_avg=8.0 last_cmd_age_ms_avg=25.22
15:29:18 INFO    [FAILSAFE] frame_queue_summary ， frames_received=25 frames_processed=25 frames_dropped=0 drop_rate=0.0 queue_depth=0 queue_depth_max=1 latest_age_ms=10 latest_seq=22710
15:29:18 INFO    [FAILSAFE] telemetry_summary ， detections=10 sent=10 accepted=9 batt_v_avg=8.0 last_cmd_age_ms_avg=18.33
15:29:19 INFO    [FAILSAFE] frame_queue_summary ， frames_received=25 frames_processed=24 frames_dropped=0 drop_rate=0.0 queue_depth=1 queue_depth_max=1
15:29:19 INFO    [FAILSAFE] telemetry_summary ， accepted=10 batt_v_avg=8.0 last_cmd_age_ms_avg=35.5 detections=17 sent=10
15:29:20 INFO    [FAILSAFE] frame_queue_summary ， frames_received=24 frames_processed=25 frames_dropped=0 drop_rate=0.0 queue_depth=0 queue_depth_max=1
15:29:20 INFO    [FAILSAFE] telemetry_summary ， accepted=9 batt_v_avg=8.0 last_cmd_age_ms_avg=35.33 detections=11 sent=10
15:29:21 INFO    [FAILSAFE] frame_queue_summary ， frames_received=25 frames_processed=25 frames_dropped=0 drop_rate=0.0 queue_depth=0 queue_depth_max=1 latest_age_ms=21 latest_seq=22784
15:29:21 INFO    [FAILSAFE] telemetry_summary ， accepted=10 batt_v_avg=8.0 last_cmd_age_ms_avg=43.7 detections=18 sent=10
15:29:22 INFO    [FAILSAFE] frame_queue_summary ， frames_received=25 frames_processed=24 frames_dropped=0 drop_rate=0.0 queue_depth=1 queue_depth_max=1
15:29:22 INFO    [FAILSAFE] telemetry_summary ， accepted=9 batt_v_avg=8.0 last_cmd_age_ms_avg=50.78 detections=10 sent=10
15:29:23 INFO    [FAILSAFE] frame_queue_summary ， frames_received=24 frames_processed=25 frames_dropped=0 drop_rate=0.0 queue_depth=0 queue_depth_max=1
15:29:23 INFO    [FAILSAFE] telemetry_summary ， accepted=10 batt_v_avg=8.0 last_cmd_age_ms_avg=37.4 detections=19 sent=10
15:29:24 INFO    [FAILSAFE] frame_queue_summary ， frames_received=25 frames_processed=25 frames_dropped=0 drop_rate=0.0 queue_depth=0 queue_depth_max=1
15:29:24 INFO    [FAILSAFE] telemetry_summary ， accepted=9 batt_v_avg=8.0 last_cmd_age_ms_avg=75.44 detections=13 sent=10
15:29:25 INFO    [FAILSAFE] frame_queue_summary ， frames_received=25 frames_processed=25 frames_dropped=0 drop_rate=0.0 queue_depth=0 queue_depth_max=1 latest_age_ms=20 latest_seq=22883
15:29:25 INFO    [FAILSAFE] telemetry_summary ， accepted=10 batt_v_avg=8.0 last_cmd_age_ms_avg=35.6 detections=17 sent=10
15:29:26 INFO    [FAILSAFE] frame_queue_summary ， frames_received=25 frames_processed=24 frames_dropped=0 drop_rate=0.0 queue_depth=1 queue_depth_max=1
15:29:26 INFO    [FAILSAFE] telemetry_summary ， accepted=10 batt_v_avg=8.0 last_cmd_age_ms_avg=76.8 detections=15 sent=10
15:29:27 INFO    [FAILSAFE] frame_queue_summary ， frames_received=24 frames_processed=25 frames_dropped=0 drop_rate=0.0 queue_depth=0 queue_depth_max=1
15:29:27 INFO    [FAILSAFE] telemetry_summary ， accepted=9 batt_v_avg=8.0 last_cmd_age_ms_avg=45.11 detections=10 sent=10
15:29:28 INFO    [FAILSAFE] frame_queue_summary ， frames_received=25 frames_processed=25 frames_dropped=0 drop_rate=0.0 queue_depth=0 queue_depth_max=1 latest_age_ms=15 latest_seq=22957
15:29:28 INFO    [FAILSAFE] telemetry_summary ， accepted=10 batt_v_avg=8.0 last_cmd_age_ms_avg=28.3 detections=17 sent=10
15:29:29 INFO    [FAILSAFE] frame_queue_summary ， frames_received=24 frames_processed=24 frames_dropped=0 drop_rate=0.0 queue_depth=0 queue_depth_max=1
15:29:29 INFO    [FAILSAFE] telemetry_summary ， accepted=10 batt_v_avg=8.0 last_cmd_age_ms_avg=68.4 detections=17 sent=10
15:29:30 INFO    [FAILSAFE] frame_queue_summary ， frames_received=25 frames_processed=25 frames_dropped=0 drop_rate=0.0 queue_depth=0 queue_depth_max=1
15:29:30 INFO    [FAILSAFE] telemetry_summary ， detections=10 sent=10 accepted=9 batt_v_avg=8.0 last_cmd_age_ms_avg=44.89
15:29:31 INFO    [FAILSAFE] frame_queue_summary ， frames_received=25 frames_processed=25 frames_dropped=0 drop_rate=0.0 queue_depth=0 queue_depth_max=1 latest_age_ms=5 latest_seq=23031
15:29:31 INFO    [FAILSAFE] telemetry_summary ， accepted=10 batt_v_avg=8.0 last_cmd_age_ms_avg=22.4 detections=17 sent=10
15:29:32 INFO    [FAILSAFE] frame_queue_summary ， frames_received=25 frames_processed=24 frames_dropped=0 drop_rate=0.0 queue_depth=1 queue_depth_max=1
15:29:32 INFO    [FAILSAFE] telemetry_summary ， accepted=9 batt_v_avg=8.0 last_cmd_age_ms_avg=35.22 detections=18 sent=10
15:29:33 INFO    [FAILSAFE] frame_queue_summary ， frames_received=25 frames_processed=25 frames_dropped=0 drop_rate=0.0 queue_depth=1 queue_depth_max=1
15:29:33 INFO    [FAILSAFE] telemetry_summary ， accepted=9 batt_v_avg=8.0 last_cmd_age_ms_avg=48.0 detections=15 sent=10
15:29:34 INFO    [FAILSAFE] frame_queue_summary ， frames_received=24 frames_processed=25 frames_dropped=0 drop_rate=0.0 queue_depth=0 queue_depth_max=1
15:29:34 INFO    [FAILSAFE] telemetry_summary ， accepted=9 batt_v_avg=8.0 last_cmd_age_ms_avg=44.56 detections=17 sent=10
15:29:35 INFO    [FAILSAFE] frame_queue_summary ， frames_received=25 frames_processed=25 frames_dropped=0 drop_rate=0.0 queue_depth=0 queue_depth_max=1 latest_age_ms=14 latest_seq=23130
15:29:35 INFO    [FAILSAFE] telemetry_summary ， accepted=10 batt_v_avg=8.0 last_cmd_age_ms_avg=53.3 detections=16 sent=10
15:29:36 INFO    [FAILSAFE] person_cleared ， hits=0 required=3 window_ms=300 score=0.0
15:29:36 INFO    [FAILSAFE] person_gate ， present=False hits=0 score=0.0
15:29:36 INFO    [FAILSAFE] person_present ， hits=3 required=3 window_ms=300 score=0.518
15:29:36 INFO    [FAILSAFE] person_gate ， present=True hits=3 score=0.518
15:29:36 INFO    [FAILSAFE] blackbox_recorded ， event_type=person_found ts_ms=1789453776653 meta_path=C:\dev\mechadog-camdock\blackbox\1789453776653_person_found\meta.json
15:29:36 INFO    [FAILSAFE] frame_queue_summary ， frames_received=25 frames_processed=24 frames_dropped=0 drop_rate=0.0 queue_depth=1 queue_depth_max=1
15:29:36 INFO    [FAILSAFE] telemetry_summary ， accepted=9 batt_v_avg=8.0 last_cmd_age_ms_avg=40.44 detections=8 sent=10
15:29:37 INFO    [FAILSAFE] frame_queue_summary ， frames_received=25 frames_processed=25 frames_dropped=0 drop_rate=0.0 queue_depth=1 queue_depth_max=1
15:29:37 INFO    [FAILSAFE] telemetry_summary ， accepted=10 batt_v_avg=8.0 last_cmd_age_ms_avg=47.2 detections=19 sent=10
15:29:38 INFO    [FAILSAFE] frame_queue_summary ， frames_received=24 frames_processed=25 frames_dropped=0 drop_rate=0.0 queue_depth=0 queue_depth_max=1
15:29:38 INFO    [FAILSAFE] telemetry_summary ， accepted=9 batt_v_avg=8.0 last_cmd_age_ms_avg=52.56 detections=13 sent=10
15:29:39 INFO    [FAILSAFE] person_cleared ， hits=0 required=3 window_ms=300 score=0.0
15:29:39 INFO    [FAILSAFE] person_gate ， present=False hits=0 score=0.0
15:29:39 INFO    [FAILSAFE] person_present ， hits=3 required=3 window_ms=300 score=0.649
15:29:39 INFO    [FAILSAFE] person_gate ， present=True hits=3 score=0.649
15:29:39 INFO    [FAILSAFE] blackbox_recorded ， event_type=person_found ts_ms=1789453779593 meta_path=C:\dev\mechadog-camdock\blackbox\1789453779593_person_found\meta.json
15:29:39 INFO    [FAILSAFE] frame_queue_summary ， frames_received=25 frames_processed=25 frames_dropped=0 drop_rate=0.0 queue_depth=0 queue_depth_max=1 latest_age_ms=15 latest_seq=23229
15:29:39 INFO    [FAILSAFE] telemetry_summary ， accepted=10 batt_v_avg=8.0 last_cmd_age_ms_avg=45.8 detections=10 sent=10
15:29:40 INFO    [FAILSAFE] frame_queue_summary ， frames_received=25 frames_processed=25 frames_dropped=0 drop_rate=0.0 queue_depth=0 queue_depth_max=1
15:29:40 INFO    [FAILSAFE] telemetry_summary ， accepted=9 batt_v_avg=8.0 last_cmd_age_ms_avg=52.89 detections=12 sent=10
15:29:41 INFO    [FAILSAFE] frame_queue_summary ， frames_received=25 frames_processed=24 frames_dropped=0 drop_rate=0.0 queue_depth=1 queue_depth_max=1
15:29:41 INFO    [FAILSAFE] telemetry_summary ， accepted=10 batt_v_avg=8.0 last_cmd_age_ms_avg=33.7 detections=19 sent=10
15:29:42 INFO    [FAILSAFE] frame_queue_summary ， frames_received=25 frames_processed=25 frames_dropped=0 drop_rate=0.0 queue_depth=1 queue_depth_max=1
15:29:42 INFO    [FAILSAFE] telemetry_summary ， accepted=9 batt_v_avg=8.0 last_cmd_age_ms_avg=66.44 detections=17 sent=10
15:29:43 INFO    [FAILSAFE] frame_queue_summary ， frames_received=24 frames_processed=25 frames_dropped=0 drop_rate=0.0 queue_depth=0 queue_depth_max=1
15:29:43 INFO    [FAILSAFE] telemetry_summary ， accepted=10 batt_v_avg=8.0 last_cmd_age_ms_avg=29.3 detections=16 sent=10
15:29:44 INFO    [FAILSAFE] frame_queue_summary ， frames_received=25 frames_processed=25 frames_dropped=0 drop_rate=0.0 queue_depth=0 queue_depth_max=1 latest_age_ms=14 latest_seq=23353
15:29:44 INFO    [FAILSAFE] telemetry_summary ， accepted=9 batt_v_avg=8.0 last_cmd_age_ms_avg=52.33 detections=15 sent=10
15:29:45 INFO    [FAILSAFE] frame_queue_summary ， frames_received=25 frames_processed=24 frames_dropped=0 drop_rate=0.0 queue_depth=1 queue_depth_max=1
15:29:45 INFO    [FAILSAFE] telemetry_summary ， accepted=10 batt_v_avg=8.0 last_cmd_age_ms_avg=23.1 detections=17 sent=10
15:29:46 INFO    [FAILSAFE] frame_queue_summary ， frames_received=25 frames_processed=25 frames_dropped=0 drop_rate=0.0 queue_depth=1 queue_depth_max=1
15:29:46 INFO    [FAILSAFE] telemetry_summary ， accepted=10 batt_v_avg=8.0 last_cmd_age_ms_avg=59.8 detections=19 sent=10
15:29:47 INFO    [FAILSAFE] frame_queue_summary ， frames_received=25 frames_processed=25 frames_dropped=0 drop_rate=0.0 queue_depth=1 queue_depth_max=1
15:29:47 INFO    [FAILSAFE] telemetry_summary ， accepted=9 batt_v_avg=8.0 last_cmd_age_ms_avg=49.89 detections=12 sent=10
15:29:48 INFO    [FAILSAFE] frame_queue_summary ， frames_received=24 frames_processed=25 frames_dropped=0 drop_rate=0.0 queue_depth=0 queue_depth_max=1
15:29:48 INFO    [FAILSAFE] telemetry_summary ， accepted=10 batt_v_avg=8.0 last_cmd_age_ms_avg=24.2 detections=15 sent=10
15:29:49 INFO    [FAILSAFE] frame_queue_summary ， frames_received=25 frames_processed=25 frames_dropped=0 drop_rate=0.0 queue_depth=0 queue_depth_max=1 latest_age_ms=12 latest_seq=23477
15:29:49 INFO    [FAILSAFE] telemetry_summary ， accepted=10 batt_v_avg=8.0 last_cmd_age_ms_avg=56.6 detections=19 sent=10
15:29:50 INFO    [FAILSAFE] frame_queue_summary ， frames_received=25 frames_processed=24 frames_dropped=0 drop_rate=0.0 queue_depth=1 queue_depth_max=1
15:29:50 INFO    [FAILSAFE] telemetry_summary ， accepted=9 batt_v_avg=8.0 last_cmd_age_ms_avg=52.56 detections=13 sent=10
15:29:51 INFO    [FAILSAFE] frame_queue_summary ， frames_received=25 frames_processed=25 frames_dropped=0 drop_rate=0.0 queue_depth=1 queue_depth_max=1
15:29:51 INFO    [FAILSAFE] telemetry_summary ， accepted=10 batt_v_avg=8.0 last_cmd_age_ms_avg=35.9 detections=19 sent=10
15:29:52 INFO    [FAILSAFE] frame_queue_summary ， frames_received=25 frames_processed=25 frames_dropped=0 drop_rate=0.0 queue_depth=1 queue_depth_max=1
15:29:52 INFO    [FAILSAFE] telemetry_summary ， accepted=9 batt_v_avg=8.0 last_cmd_age_ms_avg=56.22 detections=12 sent=10
15:29:53 INFO    [FAILSAFE] frame_queue_summary ， frames_received=24 frames_processed=25 frames_dropped=0 drop_rate=0.0 queue_depth=0 queue_depth_max=1 latest_age_ms=14 latest_seq=23576
15:29:53 INFO    [FAILSAFE] telemetry_summary ， accepted=9 batt_v_avg=8.0 last_cmd_age_ms_avg=26.33 detections=8 sent=10
15:29:54 INFO    [FAILSAFE] frame_queue_summary ， frames_received=25 frames_processed=25 frames_dropped=0 drop_rate=0.0 queue_depth=0 queue_depth_max=1
15:29:54 INFO    [FAILSAFE] telemetry_summary ， accepted=10 batt_v_avg=8.0 last_cmd_age_ms_avg=44.3 detections=13 sent=10
15:29:55 INFO    [FAILSAFE] frame_queue_summary ， frames_received=25 frames_processed=24 frames_dropped=0 drop_rate=0.0 queue_depth=1 queue_depth_max=1
15:29:55 INFO    [FAILSAFE] telemetry_summary ， accepted=9 batt_v_avg=8.0 last_cmd_age_ms_avg=47.22 detections=13 sent=10
15:29:56 INFO    [FAILSAFE] frame_queue_summary ， frames_received=25 frames_processed=25 frames_dropped=0 drop_rate=0.0 queue_depth=1 queue_depth_max=1
15:29:56 INFO    [FAILSAFE] telemetry_summary ， accepted=10 batt_v_avg=8.0 last_cmd_age_ms_avg=61.6 detections=14 sent=10
15:29:57 INFO    [FAILSAFE] frame_queue_summary ， frames_received=24 frames_processed=25 frames_dropped=0 drop_rate=0.0 queue_depth=0 queue_depth_max=1 latest_age_ms=16 latest_seq=23675
15:29:57 INFO    [FAILSAFE] telemetry_summary ， detections=16 sent=10 accepted=9 batt_v_avg=8.0 last_cmd_age_ms_avg=31.56
15:29:58 INFO    [FAILSAFE] frame_queue_summary ， frames_received=25 frames_processed=24 frames_dropped=0 drop_rate=0.0 queue_depth=1 queue_depth_max=1
15:29:58 INFO    [FAILSAFE] telemetry_summary ， accepted=9 batt_v_avg=8.0 last_cmd_age_ms_avg=34.56 detections=10 sent=10
15:29:59 INFO    [FAILSAFE] person_cleared ， hits=0 required=3 window_ms=300 score=0.0
15:29:59 INFO    [FAILSAFE] frame_queue_summary ， frames_received=25 frames_processed=25 frames_dropped=0 drop_rate=0.0 queue_depth=1 queue_depth_max=1
15:29:59 INFO    [FAILSAFE] person_gate ， present=False hits=0 score=0.0
15:29:59 INFO    [FAILSAFE] telemetry_summary ， accepted=9 batt_v_avg=8.0 last_cmd_age_ms_avg=37.89 detections=9 sent=10
15:29:59 INFO    [FAILSAFE] person_present ， hits=3 required=3 window_ms=300 score=0.573
15:29:59 INFO    [FAILSAFE] person_gate ， present=True hits=3 score=0.573
15:29:59 INFO    [FAILSAFE] blackbox_recorded ， event_type=person_found ts_ms=1789453799955 meta_path=C:\dev\mechadog-camdock\blackbox\1789453799955_person_found\meta.json
15:30:00 INFO    [FAILSAFE] frame_queue_summary ， frames_received=24 frames_processed=25 frames_dropped=0 drop_rate=0.0 queue_depth=0 queue_depth_max=1
15:30:00 INFO    [FAILSAFE] telemetry_summary ， accepted=10 batt_v_avg=8.0 last_cmd_age_ms_avg=35.8 detections=15 sent=10
15:30:01 INFO    [FAILSAFE] frame_queue_summary ， frames_received=25 frames_processed=24 frames_dropped=0 drop_rate=0.0 queue_depth=1 queue_depth_max=1
15:30:01 INFO    [FAILSAFE] telemetry_summary ， accepted=9 batt_v_avg=8.0 last_cmd_age_ms_avg=46.67 detections=11 sent=10
15:30:02 INFO    [FAILSAFE] frame_queue_summary ， frames_received=25 frames_processed=25 frames_dropped=0 drop_rate=0.0 queue_depth=1 queue_depth_max=1
15:30:02 INFO    [FAILSAFE] telemetry_summary ， accepted=9 batt_v_avg=8.0 last_cmd_age_ms_avg=64.67 detections=16 sent=10
15:30:03 INFO    [FAILSAFE] frame_queue_summary ， frames_received=25 frames_processed=25 frames_dropped=0 drop_rate=0.0 queue_depth=1 queue_depth_max=1
15:30:03 INFO    [FAILSAFE] telemetry_summary ， accepted=10 batt_v_avg=8.0 last_cmd_age_ms_avg=26.6 detections=16 sent=10
15:30:04 INFO    [FAILSAFE] frame_queue_summary ， frames_received=24 frames_processed=25 frames_dropped=0 drop_rate=0.0 queue_depth=0 queue_depth_max=1 latest_age_ms=8 latest_seq=23848
15:30:04 INFO    [FAILSAFE] telemetry_summary ， accepted=9 batt_v_avg=8.0 last_cmd_age_ms_avg=62.56 detections=14 sent=10
15:30:05 INFO    [FAILSAFE] frame_queue_summary ， frames_received=25 frames_processed=24 frames_dropped=0 drop_rate=0.0 queue_depth=1 queue_depth_max=1
15:30:05 INFO    [FAILSAFE] telemetry_summary ， accepted=10 batt_v_avg=8.0 last_cmd_age_ms_avg=19.1 detections=13 sent=10
15:30:06 INFO    [FAILSAFE] frame_queue_summary ， frames_received=25 frames_processed=25 frames_dropped=0 drop_rate=0.0 queue_depth=1 queue_depth_max=1
15:30:06 INFO    [FAILSAFE] telemetry_summary ， accepted=9 batt_v_avg=8.0 last_cmd_age_ms_avg=64.33 detections=16 sent=10
15:30:07 INFO    [FAILSAFE] frame_queue_summary ， frames_received=24 frames_processed=25 frames_dropped=0 drop_rate=0.0 queue_depth=0 queue_depth_max=1 latest_age_ms=11 latest_seq=23922
15:30:07 INFO    [FAILSAFE] telemetry_summary ， accepted=10 batt_v_avg=8.0 last_cmd_age_ms_avg=29.6 detections=7 sent=10
15:30:08 INFO    [FAILSAFE] frame_queue_summary ， frames_received=25 frames_processed=24 frames_dropped=0 drop_rate=0.0 queue_depth=1 queue_depth_max=1
15:30:08 INFO    [FAILSAFE] telemetry_summary ， accepted=10 batt_v_avg=8.0 last_cmd_age_ms_avg=38.3 detections=18 sent=10
15:30:09 INFO    [FAILSAFE] frame_queue_summary ， frames_received=25 frames_processed=25 frames_dropped=0 drop_rate=0.0 queue_depth=1 queue_depth_max=1
15:30:09 INFO    [FAILSAFE] telemetry_summary ， accepted=9 batt_v_avg=8.0 last_cmd_age_ms_avg=71.0 detections=10 sent=10
15:30:10 INFO    [FAILSAFE] frame_queue_summary ， frames_received=25 frames_processed=25 frames_dropped=0 drop_rate=0.0 queue_depth=1 queue_depth_max=1
15:30:10 INFO    [FAILSAFE] telemetry_summary ， accepted=10 batt_v_avg=8.0 last_cmd_age_ms_avg=24.5 detections=15 sent=10
15:30:11 INFO    [FAILSAFE] frame_queue_summary ， frames_received=24 frames_processed=25 frames_dropped=0 drop_rate=0.0 queue_depth=0 queue_depth_max=1 latest_age_ms=13 latest_seq=24021
15:30:11 INFO    [FAILSAFE] telemetry_summary ， accepted=10 batt_v_avg=8.0 last_cmd_age_ms_avg=64.5 detections=19 sent=10
15:30:12 INFO    [FAILSAFE] frame_queue_summary ， frames_received=24 frames_processed=24 frames_dropped=0 drop_rate=0.0 queue_depth=0 queue_depth_max=1
15:30:12 INFO    [FAILSAFE] telemetry_summary ， accepted=9 batt_v_avg=8.0 last_cmd_age_ms_avg=37.89 detections=6 sent=10
15:30:13 INFO    [FAILSAFE] frame_queue_summary ， frames_received=26 frames_processed=25 frames_dropped=0 drop_rate=0.0 queue_depth=1 queue_depth_max=1
15:30:13 INFO    [FAILSAFE] telemetry_summary ， accepted=10 batt_v_avg=8.0 last_cmd_age_ms_avg=39.2 detections=11 sent=10
15:30:14 INFO    [FAILSAFE] frame_queue_summary ， frames_received=24 frames_processed=25 frames_dropped=0 drop_rate=0.0 queue_depth=0 queue_depth_max=1 latest_age_ms=6 latest_seq=24095
15:30:14 INFO    [FAILSAFE] telemetry_summary ， accepted=9 batt_v_avg=8.0 last_cmd_age_ms_avg=74.56 detections=10 sent=10
15:30:15 INFO    [FAILSAFE] frame_queue_summary ， frames_received=25 frames_processed=24 frames_dropped=0 drop_rate=0.0 queue_depth=1 queue_depth_max=1
15:30:15 INFO    [FAILSAFE] telemetry_summary ， accepted=10 batt_v_avg=8.0 last_cmd_age_ms_avg=15.0 detections=12 sent=10
15:30:16 INFO    [FAILSAFE] frame_queue_summary ， frames_received=25 frames_processed=25 frames_dropped=0 drop_rate=0.0 queue_depth=1 queue_depth_max=1
15:30:16 INFO    [FAILSAFE] telemetry_summary ， accepted=10 batt_v_avg=8.0 last_cmd_age_ms_avg=62.2 detections=15 sent=10
15:30:17 INFO    [FAILSAFE] frame_queue_summary ， frames_received=24 frames_processed=25 frames_dropped=0 drop_rate=0.0 queue_depth=0 queue_depth_max=1 latest_age_ms=11 latest_seq=24169
15:30:17 INFO    [FAILSAFE] telemetry_summary ， detections=9 sent=10 accepted=9 batt_v_avg=8.0 last_cmd_age_ms_avg=30.56
15:30:18 INFO    [FAILSAFE] frame_queue_summary ， frames_received=24 frames_processed=24 frames_dropped=0 drop_rate=0.0 queue_depth=0 queue_depth_max=1
15:30:18 INFO    [FAILSAFE] telemetry_summary ， accepted=9 batt_v_avg=8.0 last_cmd_age_ms_avg=74.67 detections=13 sent=10
15:30:19 INFO    [FAILSAFE] frame_queue_summary ， frames_received=26 frames_processed=25 frames_dropped=0 drop_rate=0.0 queue_depth=1 queue_depth_max=1
15:30:19 INFO    [FAILSAFE] telemetry_summary ， accepted=10 batt_v_avg=8.0 last_cmd_age_ms_avg=18.1 detections=16 sent=10
15:30:20 INFO    [FAILSAFE] frame_queue_summary ， frames_received=25 frames_processed=25 frames_dropped=0 drop_rate=0.0 queue_depth=1 queue_depth_max=1
15:30:20 INFO    [FAILSAFE] telemetry_summary ， accepted=9 batt_v_avg=8.0 last_cmd_age_ms_avg=45.78 detections=13 sent=10
15:30:21 INFO    [FAILSAFE] frame_queue_summary ， frames_received=24 frames_processed=24 frames_dropped=0 drop_rate=0.0 queue_depth=1 queue_depth_max=1
15:30:21 INFO    [FAILSAFE] telemetry_summary ， accepted=10 batt_v_avg=8.0 last_cmd_age_ms_avg=37.5 detections=19 sent=10
15:30:22 INFO    [FAILSAFE] frame_queue_summary ， frames_received=25 frames_processed=25 frames_dropped=0 drop_rate=0.0 queue_depth=1 queue_depth_max=1
15:30:22 INFO    [FAILSAFE] telemetry_summary ， accepted=9 batt_v_avg=8.0 last_cmd_age_ms_avg=51.0 detections=17 sent=10
15:30:23 INFO    [FAILSAFE] frame_queue_summary ， frames_received=25 frames_processed=25 frames_dropped=0 drop_rate=0.0 queue_depth=1 queue_depth_max=1
15:30:23 INFO    [FAILSAFE] telemetry_summary ， accepted=10 batt_v_avg=8.0 last_cmd_age_ms_avg=60.9 detections=18 sent=10
15:30:24 INFO    [FAILSAFE] frame_queue_summary ， frames_received=24 frames_processed=25 frames_dropped=0 drop_rate=0.0 queue_depth=0 queue_depth_max=1 latest_age_ms=7 latest_seq=24342
15:30:24 INFO    [FAILSAFE] telemetry_summary ， accepted=9 batt_v_avg=8.0 last_cmd_age_ms_avg=27.22 detections=11 sent=10
15:30:25 INFO    [FAILSAFE] frame_queue_summary ， frames_received=24 frames_processed=24 frames_dropped=0 drop_rate=0.0 queue_depth=0 queue_depth_max=1
15:30:25 INFO    [FAILSAFE] telemetry_summary ， accepted=10 batt_v_avg=8.0 last_cmd_age_ms_avg=43.4 detections=20 sent=10
15:30:26 INFO    [FAILSAFE] frame_queue_summary ， frames_received=25 frames_processed=25 frames_dropped=0 drop_rate=0.0 queue_depth=0 queue_depth_max=1
15:30:26 INFO    [FAILSAFE] telemetry_summary ， accepted=9 batt_v_avg=8.0 last_cmd_age_ms_avg=72.0 detections=14 sent=10
15:30:27 INFO    [FAILSAFE] frame_queue_summary ， frames_received=25 frames_processed=25 frames_dropped=0 drop_rate=0.0 queue_depth=0 queue_depth_max=1 latest_age_ms=17 latest_seq=24416
15:30:27 INFO    [FAILSAFE] telemetry_summary ， accepted=10 batt_v_avg=8.0 last_cmd_age_ms_avg=19.8 detections=15 sent=10
15:30:28 INFO    [FAILSAFE] frame_queue_summary ， frames_received=25 frames_processed=25 frames_dropped=0 drop_rate=0.0 queue_depth=0 queue_depth_max=1 latest_age_ms=7 latest_seq=24441
15:30:28 INFO    [FAILSAFE] telemetry_summary ， accepted=9 batt_v_avg=8.0 last_cmd_age_ms_avg=55.33 detections=16 sent=10
15:30:29 INFO    [FAILSAFE] frame_queue_summary ， frames_received=24 frames_processed=24 frames_dropped=0 drop_rate=0.0 queue_depth=0 queue_depth_max=1
15:30:29 INFO    [FAILSAFE] telemetry_summary ， accepted=10 batt_v_avg=8.0 last_cmd_age_ms_avg=26.0 detections=16 sent=10
15:30:30 INFO    [FAILSAFE] frame_queue_summary ， frames_received=25 frames_processed=25 frames_dropped=0 drop_rate=0.0 queue_depth=0 queue_depth_max=1
15:30:30 INFO    [FAILSAFE] telemetry_summary ， accepted=9 batt_v_avg=8.0 last_cmd_age_ms_avg=53.67 detections=13 sent=10
15:30:31 INFO    [FAILSAFE] frame_queue_summary ， frames_received=25 frames_processed=25 frames_dropped=0 drop_rate=0.0 queue_depth=0 queue_depth_max=1 latest_age_ms=21 latest_seq=24515
15:30:31 INFO    [FAILSAFE] telemetry_summary ， accepted=10 batt_v_avg=8.0 last_cmd_age_ms_avg=34.5 detections=16 sent=10
15:30:32 INFO    [FAILSAFE] frame_queue_summary ， frames_received=25 frames_processed=25 frames_dropped=0 drop_rate=0.0 queue_depth=0 queue_depth_max=1 latest_age_ms=8 latest_seq=24540
15:30:32 INFO    [FAILSAFE] telemetry_summary ， accepted=9 batt_v_avg=8.0 last_cmd_age_ms_avg=61.89 detections=14 sent=10
